"ID příspěvku","ID stránky","Název stránky",Název,Popis,"Délka (v sekundách)","Čas zveřejnění","Typ titulků","Přímý odkaz","Je crosspost","Je sdílený","Typ příspěvku",Jazyky,"Vlastní štítky","Stav financovaného obsahu","Komentář s daty",Datum,Zhlédnutí,Dosah,IMPRESSION:UNIQUE_USERS,"Reakce, komentáře a sdílení",Reakce,Komentáře,Sdílení,"Celkem kliknutí","Jiná kliknutí","Spotřeba cílení na shodující se okruh uživatelů (Photo Click)","Kliknutí na odkaz","Negativní ohlasy od uživatelů: Skrýt vše","Zhlédnutí s","Průměrné zhlédnutí s","Odhadované výdělky (USD)","CPM reklamy v (USD)","Zobrazení reklamy"
1448949680362044,100057410770738,"Prague International Chess Festival","🔝 ""It always feels like a second home."" The Challengers nomination for the winner of the Karel Janeček  Open tournament went to the legendary Sasikiran Krishnan. The fifth Indian grandmaster in history lost a mere point and he will compete at the main stage in 2027. 👏

🇨🇿 „Vždycky to tu působí jako druhý domov.“ Nominaci do turnaje Challengers získal vítěz turnaje Karel Janeček Open, legendární Krishnan Sasikiran. Pátý indický velmistr v historii ztratil pouze jeden bod a v roce 2027 si zahraje na hlavní scéně. 👏","🔝 ""It always feels like a second home."" The Challengers nomination for the winner of the @[100044490217012:2048:Karel Janeček]  Open tournament went to the legendary Sasikiran Krishnan. The fifth Indian grandmaster in history lost a mere point and he will compete at the main stage in 2027. 👏

🇨🇿 „Vždycky to tu působí jako druhý domov.“ Nominaci do turnaje Challengers získal vítěz turnaje Karel Janeček Open, legendární Krishnan Sasikiran. Pátý indický velmistr v historii ztratil pouze jeden bod a v roce 2027 si zahraje na hlavní scéně. 👏",108,"03/15/2026 11:44",N/A,https://www.facebook.com/reel/939895161738609/,0,0,Videa,,,,,Dlouhodobě,519,509,,10,10,0,0,4,4,,,,3234.947,6.561,0,0,0
1434391428484536,100057410770738,"Prague International Chess Festival","First of many. Enjoy the Round 1 of this year’s Prague International Chess Festival 🤝

🇨🇿První momentky a mnohé další budou následovat! Užijte si první kolo letošního Pražského šachového festivalu! 🤝",,0,"02/25/2026 06:19",N/A,https://www.facebook.com/PragueChessFestival/posts/pfbid0YuKSrx8yVs1mG1osEKJHVrTG5jPHnX6dJUfx5u2Arm55UZmmXatXR1opN6yYQ77vl,0,0,Fotky,,,,,Dlouhodobě,2993,1716,,45,40,2,3,296,76,220,,,,,,,
1434355878488091,100057410770738,"Prague International Chess Festival","Opening ceremony 2026 (📸Petr Vrabec)

Zahajovací ceremoniál (📸Petr Vrabec)",,0,"02/25/2026 06:30",N/A,https://www.facebook.com/PragueChessFestival/posts/pfbid02ARgBRFKzHG5jfdvgkQYFd3HZHMdnyu3HKawjFdSpD29DtvrJjUZu9hTRaHu6LALvl,0,0,Fotky,,,,,Dlouhodobě,4244,2216,,44,43,0,1,784,229,555,,,,,,,
1434432701813742,100057410770738,"Prague International Chess Festival","🗨 ""I did not really have a good run here yet, but this year i am ready to fight"" 🗨 Says the current world number #4 Vincent Keymer. Full interview soon on our Youtube channel. Stay tuned!!! ♟️

🗨 „Zatím jsem tady neměl opravdu dobré období, ale letos jsem připraven bojovat.“ 🗨

Říká aktuální světová čtyřka Vincent Keymer.
Celý rozhovor již brzy na našem YouTube kanálu. Zůstaňte naladěni!!! ♟️","🗨 ""I did not really have a good run here yet, but this year i am ready to fight"" 🗨 Says the current world number #4 Vincent Keymer. Full interview soon on our Youtube channel. Stay tuned!!! ♟️

🗨 „Zatím jsem tady neměl opravdu dobré období, ale letos jsem připraven bojovat.“ 🗨

Říká aktuální světová čtyřka Vincent Keymer.
Celý rozhovor již brzy na našem YouTube kanálu. Zůstaňte naladěni!!! ♟️",137,"02/25/2026 07:21",uploaded,https://www.facebook.com/reel/1480502293794270/,0,0,Videa,,,,,Dlouhodobě,565,455,,7,7,0,0,6,6,,,,3353.286,7.104,0,0,0
1434613911795621,100057410770738,"Prague International Chess Festival","♟️ On day one of the Masters category we have four winners already. The biggest upset was made by Jorden van Foreest, who took down world number four Vincent Keymer. Listen to the Dutch grandmaster’s immediate reactions. ♟️

♟️První den máme v kategorii Masters hned čtyři vítěze. Huge upset zařídil Jorden van Foreest, který si vyšlápl na světovou čtyřku Vincenta Keymera. Poslechněte si bezprostřední dojmy nizozemského velmistra. ♟️","♟️ On day one of the Masters category we have four winners already. The biggest upset was made by Jorden van Foreest, who took down world number four Vincent Keymer. Listen to the Dutch grandmaster’s immediate reactions. ♟️

♟️První den máme v kategorii Masters hned čtyři vítěze. Huge upset zařídil Jorden van Foreest, který si vyšlápl na světovou čtyřku Vincenta Keymera. Poslechněte si bezprostřední dojmy nizozemského velmistra. ♟️",135,"02/25/2026 12:22",mixed,https://www.facebook.com/reel/2107388916764594/,0,0,Videa,,,,,Dlouhodobě,542,470,,8,8,0,0,16,16,,,,4824.564,10.697,0,0,0
1434654981791514,100057410770738,"Prague International Chess Festival","🏆 It’s been a winner’s game since day one! Which one stood out for you? Cast your vote and help us decide who takes the award! 👉 ♟️ https://praguechessfestival.com/en/2026/vote

🇨🇿 🏆 Už od prvního dne jedeme na vítězství! Která partie se vám líbila nejvíc? Hlasujte a pomozte nám rozhodnout, kdo získá ocenění! 👉 ♟️ https://praguechessfestival.com/cs/2026/vote",,0,"02/25/2026 13:40",N/A,https://www.facebook.com/PragueChessFestival/posts/pfbid02UvSv9HjFVhYHAfNcTT7j5CkfyboYCFSx2Sm9tZ6eGfeekQQpDuK1mJhtvWNsdFGYl,0,0,Fotky,,,,,Dlouhodobě,2960,1728,,36,35,1,0,230,130,80,20,,,,,,
1434737108449968,100057410770738,"Prague International Chess Festival","Prague International Chess Festival přidal(a) fotky do alba: PICF2026 - Round 1",,0,"02/25/2026 16:17",N/A,https://www.facebook.com/PragueChessFestival/posts/pfbid02QNvW11uyVp29CUWu7g1Jco1CXroJUU7Haii7CfohCRQyK3jnADkCFpGVocCBirLol,0,0,Fotky,,,,,Dlouhodobě,1772,1011,,19,17,2,0,153,33,120,,,,,,,
1434944381762574,100057410770738,"Prague International Chess Festival","A lot of decisive games in Round 1. The players are on their toes from the very beginning. Exactly the kind of action we love to see! ♟️🔥

🇨🇿 Spousta rozhodných partií hned v 1. kole. Hráči jsou ve střehu od úplného začátku. Přesně takovou podívanou chceme vidět! ♟️🔥",,0,"02/25/2026 22:05",N/A,https://www.facebook.com/PragueChessFestival/posts/pfbid02pubyEQV9D2GRrydhogGKpff7BDJPvCfu8CKcDgz9Hs7WF1Nwy38fuuSjuCvMukWil,0,0,Fotky,,,,,Dlouhodobě,817,418,,9,8,1,0,19,13,6,,,,,,,
1435052725085073,100057410770738,"Prague International Chess Festival","PICF2026 - Highlights of Round 1","☝ Ready, set ... see the action of the Round 1 of @[100057410770738:2048:Prague International Chess Festival]! Here's your highlights! 📼

☝ Připravit, pozor… a do akce! Podívejte se na nejzajímavější momenty z prvního kola Pražského šachového festivalu! 📼♟️",66,"02/26/2026 00:56",N/A,https://www.facebook.com/reel/887429740753312/,0,0,Videa,,,,,Dlouhodobě,533,390,,7,6,0,1,18,18,,,,10937.888,26.612,0,0,0
1435074461749566,100057410770738,"Prague International Chess Festival","Have you ever wondered how chess players spend their mornings before games? Well, for example, Daniil Yuffa gives concerts in the hotel lobby 🎶 

Už jste někdy přemýšleli, jak šachisté tráví dopoledne před partiemi? Tak třeba Daniil Yuffa koncertuje v hotelovém lobby 🎶","Have you ever wondered how chess players spend their mornings before games? Well, for example, Daniil Yuffa gives concerts in the hotel lobby 🎶 

Už jste někdy přemýšleli, jak šachisté tráví dopoledne před partiemi? Tak třeba Daniil Yuffa koncertuje v hotelovém lobby 🎶",40,"02/26/2026 01:32",N/A,https://www.facebook.com/reel/824861013975282/,0,0,Videa,,,,,Dlouhodobě,875,781,,28,28,0,0,23,23,,,,6358.025,8.387,0,0,0
1435093451747667,100057410770738,"Prague International Chess Festival","PICF2026 - David Navara after a win against Parham Maghsoodloo","Exchange pieces, set the trap! David Navara is proudly holding the Czech flag high as domestic players scored an impressive 3.5 points across the Masters and Challengers. 💪♟️

🇨🇿 Vyměnit figury, nastražit past! David Navara hrdě drží českou vlajku vysoko. Domácí hráči vybojovali skvělých 3,5 bodu v prvním kole Masters a Challengers. 💪♟️",114,"02/26/2026 02:04",mixed,https://www.facebook.com/reel/965213996177274/,1,0,Videa,,,,,Dlouhodobě,847,766,,17,16,1,0,42,42,,,,7838.297,10.549,0,0,2
1435139305076415,100057410770738,"Prague International Chess Festival","PICF2026 - Nodirbek Yakubboev after a win against David Anton Guijarro","📣 What an entrance to the big league! A first-ever Masters victory for @[100010138388858:2048:Nodirbek Yakubboev], as the promoted Challenger defeated David Anton Guijarro. Let's hear Yakubboev break down how he built and converted his advantage. 🔝

🇨🇿 📣 Tomu říkáme vstup mezi elitu! První vítězství v turnaji Masters pro Nodirbeka Jakubboeva. Nováček, který v loňském roce postoupil z Challengers, porazil Davida Antóna Guijarra. Pojďme si poslechnout, jak Yakubboev vybudoval svou výhodu a proměnil ji v premiérový bod. 🔝",89,"02/26/2026 03:20",N/A,https://www.facebook.com/reel/915781914166193/,0,0,Videa,,,,,Dlouhodobě,598,502,,5,4,0,1,11,11,,,,3510.12,6.829,0,0,0
1435162188407460,100057410770738,"Prague International Chess Festival","The pairings for Round 2 of the Masters tournament are here!🔥 We start at 3:00 PM. Join us at the Don Giovanni Hotel Prague or follow live broadcast with commentary. ♟️🎙️
🇬🇧 https://www.youtube.com/watch?v=gRFBV_QAi84

Rozlosování druhého kola turnaje Masters je tady! Startujeme v 15:00. Přijďte se podívat do pražského hotelu Don Giovanni nebo sledujte náš živý přenos s komentářem.
🇨🇿 https://www.youtube.com/watch?v=P1Vjz9fJqOU",,0,"02/26/2026 03:57",N/A,https://www.facebook.com/PragueChessFestival/posts/pfbid024oTzR7aH5XeNmzi29LQigwAz7eNvbNbtrFpfRZMFNuRiBSuLEHRgns1XYGC9CZYbl,0,0,Fotky,,,,,Dlouhodobě,826,466,,4,4,0,0,16,4,6,6,,,,,,
1435171968406482,100057410770738,"Prague International Chess Festival","Who are your favorites in Round 2 of the Challengers tournament? ♟️🔥 You can look forward to an all-Czech clash: Němec vs. Finěk. 🇨🇿 We start at 3:00 PM!

Kdo jsou vaši favorité ve 2. kole turnaje Challengers? ♟️🔥 Můžete se těšit na speciální český souboj: Němec vs. Finěk. 🇨🇿 Začínáme v 15:00, těšíme se na vás.",,0,"02/26/2026 04:12",N/A,https://www.facebook.com/PragueChessFestival/posts/pfbid024bzsnbgqm9FGidaYTxHRCjWXN7jjG2XGKgdcWTAFcaU1PFf1bYZNmjr9CrhN4676l,0,0,Fotky,,,,,Dlouhodobě,978,544,,7,6,0,1,13,5,8,,,,,,,
1435321908391488,100057410770738,"Prague International Chess Festival","👌♟️The ceremonial first move was made by Johan Berntsen, Tournament Director of the Tepe Sigeman. Round 2 has begun, come and support your favorites or follow our live streams. 🎥

Úvodního tahu ve druhém kole se ujal Johan Berntsen, ředitel turnaje Tepe Sigeman. Začínáme, přijďte podpořit svoje favority nebo sledujte naše živé streamy. Těšíme se na vás!

📸 |Petr Vrabec",,0,"02/26/2026 07:30",N/A,https://www.facebook.com/PragueChessFestival/posts/pfbid0riSrCBvwspfDFqCTmaDuZdWtNZf4YLE78ZySa1TxmvvyQhnneQ9WxwBS1gzcQ3Acl,0,0,Fotky,,,,,Dlouhodobě,2092,1337,,30,29,0,1,75,60,15,,,,,,,
1435411581715854,100057410770738,"Prague International Chess Festival","David Anton Guijarro has returned to the Prague International Chess Festival for the fourth time. He previously played in the Challengers tournament once and is now competing in the Masters for the third time. Welcome back, David Anton, we’re looking forward to your games! ♟️🔥

David Antón Guijarro se vrátil na Pražský šachový festival už počtvrté, jednou si zahrál turnaj Challengers, v turnaji Masters nastupuje potřetí. Vítáme vás zpět, těšíme se zajímavé partie!","David Anton Guijarro has returned to the Prague International Chess Festival for the fourth time. He previously played in the Challengers tournament once and is now competing in the Masters for the third time. Welcome back, David Anton, we’re looking forward to your games! ♟️🔥

David Antón Guijarro se vrátil na Pražský šachový festival už počtvrté, jednou si zahrál turnaj Challengers, v turnaji Masters nastupuje potřetí. Vítáme vás zpět, těšíme se zajímavé partie!",122,"02/26/2026 09:35",N/A,https://www.facebook.com/reel/2394142077678123/,0,0,Videa,,,,,Dlouhodobě,580,490,,8,8,0,0,5,5,,,,2295.741,4.628,0,0,0
1435457108377968,100057410770738,"Prague International Chess Festival","👐 354 players from 51 countries are taking part! This year’s Karel Janeček Open Tournament is in full swing with a record-breaking field.

There’s a lot at stake! The best player earns a spot in the Challengers, and Czech players have a chance to qualify for the national championship. Thank you for the incredible interest in the royal game! ♟️ 🙏

🇨🇿 👐 354 hráčů z 51 zemí je ve hře! Letošní turnaj Karel Janeček Open je v plném proudu a může se pochlubit rekordním počtem účastníků.

Ve hře je opravdu hodně! Nejlepší hráč si zajistí postup do Challengers a čeští šachisté mají šanci kvalifikovat se na mistrovství republiky. Děkujeme za neuvěřitelný zájem o královskou hru! ♟️ 🙏",,0,"02/26/2026 10:50",N/A,https://www.facebook.com/PragueChessFestival/posts/pfbid02ShUF3wPR65tAbM4Fh4V74g39WKaWJzMydyGwh29dxEaDK92XBjtxb6e4AGFEjvNAl,0,0,Fotky,,,,,Dlouhodobě,5225,3595,,48,45,0,3,303,176,127,,,,,,,
1435485465041799,100057410770738,"Prague International Chess Festival","👉 Here are the results of Round 2 of the Masters at the Prague Chess Festival, we saw two decisive games today. ♟️🔥 Don’t forget to vote for the game you liked the most: https://praguechessfestival.com/en/2026/vote

👉 Tady jsou výsledky 2. kola Masters na Pražském šachovém festivalu, viděli jsme dvě vítězné partie. Nezapomeňte hlasovat, která partie se vám líbila nejvíc: https://praguechessfestival.com/cs/2026/vote 🔥",,0,"02/26/2026 11:42",N/A,https://www.facebook.com/PragueChessFestival/posts/pfbid02ZjG6ShZsd2dWQwkrFBBsUSmysRZBrhwAe469NzJxxYdYu9uKAVNs5C9HwfVNBNspl,0,0,Fotky,,,,,Dlouhodobě,1106,588,,12,11,1,0,39,13,19,7,,,,,,
1435508278372851,100057410770738,"Prague International Chess Festival","Round 2 of the Challengers Tournament brought exciting battles and three decisive games. ♟️🔥 Which game did you enjoy the most?

Druhé kolo turnaje Challengers přineslo zajímavé souboje a hned tři vítězné partie.Který duel se vám líbil nejvíc?",,0,"02/26/2026 12:12",N/A,https://www.facebook.com/PragueChessFestival/posts/pfbid02DVoGD2wWHpsjh2X7qdZj6R1FJEtRg2sZK7RWJJLCrSAa28jJPnnPvNWZ2gpZ8Widl,0,0,Fotky,,,,,Dlouhodobě,1128,689,,8,8,0,0,30,16,14,,,,,,,
1435584791698533,100057410770738,"Prague International Chess Festival","📷 🤩Take a look at what Day 2 at PICF looked like! You can find all the photos here: https://eu.zonerama.com/PragueIntarnationalChessFestival/1697708 

Podívejte se, jak vypadal 2. den na PICF!

📸 Petr Vrabec",,0,"02/26/2026 14:36",N/A,https://www.facebook.com/PragueChessFestival/posts/pfbid0DkDSD1TvGXq8j4JqHTDMtb3HjME1XPCYnCbsSSmGWH8Bzj4yRfBkn49kUskEDuB4l,0,0,Fotky,,,,,Dlouhodobě,2331,1184,,33,32,0,1,229,62,150,17,,,,,,
1435855848338094,100057410770738,"Prague International Chess Festival","🔥The first two rounds of the Masters have brought plenty of exciting games, here is the current standings. ♟️Don’t miss Round 3, starting today at 3:00 PM.⏰

🔥 Dvě kola turnaje Masters přinesla spoustu zajímavých partií, tady je aktuální pořadí hráčů. Nezapomeňte sledovat třetí kolo, už dnes od 15:00.",,0,"02/26/2026 22:27",N/A,https://www.facebook.com/PragueChessFestival/posts/pfbid0BsDvAkEqkiu4BxguMCf2AGH3q6qz4ajQNx3ppCofTvLYznA83bdEozUEo96tpEoPl,0,0,Fotky,,,,,Dlouhodobě,4992,3510,,25,24,0,1,139,106,33,,,,,,,
1435862538337425,100057410770738,"Prague International Chess Festival","👉 Two rounds, two wins - that’s the tally for Thomas Beerdsen and Štěpán Hrbek in the Challengers. Václav Finěk is currently in third place. What will Round 3 bring? ♟️👀

👉 Dvě kola, dvě výhry, tuto bilanci drží v turnaji Challengers Thomas Beerdsen a Štěpán Hrbek. Třetí je aktuálně Václav Finěk. Co přinese třetí kolo?",,0,"02/26/2026 22:40",N/A,https://www.facebook.com/PragueChessFestival/posts/pfbid0tmhnDW6qesUioU9ZaXnPWH5Hf5EdkbCvWZhfT4XCMgc4xVB1aT47XLuyJssTWnEyl,0,0,Fotky,,,,,Dlouhodobě,808,464,,3,3,0,0,4,3,1,,,,,,,
1435930278330651,100057410770738,"Prague International Chess Festival","Drama, tension, and breathtaking games! ♟️🔥 Day 2 of the Prague Chess Festival delivered plenty of exciting moments.
Watch the video and step inside the Don Giovanni Hotel with us. 👇👀

Drama, napětí i dechberoucí partie! Druhý hrací den na Pražském šachovém festivalu přinesl spoustu zajímavých okamžiků. Pojďte se podívat do pražského hotelu Don Giovanni.👇👀","Drama, tension, and breathtaking games! ♟️🔥 Day 2 of the Prague Chess Festival delivered plenty of exciting moments.
Watch the video and step inside the Don Giovanni Hotel with us. 👇👀

Drama, napětí i dechberoucí partie! Druhý hrací den na Pražském šachovém festivalu přinesl spoustu zajímavých okamžiků. Pojďte se podívat do pražského hotelu Don Giovanni.👇👀",123,"02/27/2026 00:34",N/A,https://www.facebook.com/reel/2333706043811459/,0,0,Videa,,,,,Dlouhodobě,657,540,,14,9,1,4,13,13,,,,7282.756,12.799,0,0,0
1436036044986741,100057410770738,"Prague International Chess Festival","📣 INTERVIEW: The defending champion Aravindh Chithambaram managed to turn the match against Hans Niemann, securing his first point of the tournament. However, in his own words, he still cannot quite erase the memory of his first-round defeat to Nodirbek Abdusattorov.

📣 ROZHOVOR: Obhájce loňského vítězství Aravindh Chithambaram dokázal s černými figurami otočit průběh partie s Hansem Niemannem a může slavit bodový zisk. Podle jeho slov se mu ale stále nepodařilo vymazat z paměti prohru z prvního kola, ve kterém nestačil na Nodirbeka Abdussatorova.","📣 INTERVIEW: The defending champion Aravindh Chithambaram managed to turn the match against Hans Niemann, securing his first point of the tournament. However, in his own words, he still cannot quite erase the memory of his first-round defeat to Nodirbek Abdusattorov.

📣 ROZHOVOR: Obhájce loňského vítězství Aravindh Chithambaram dokázal s černými figurami otočit průběh partie s Hansem Niemannem a může slavit bodový zisk. Podle jeho slov se mu ale stále nepodařilo vymazat z paměti prohru z prvního kola, ve kterém nestačil na Nodirbeka Abdussatorova.",100,"02/27/2026 03:41",N/A,https://www.facebook.com/reel/2299798670541695/,0,0,Videa,,,,,Dlouhodobě,380,380,,3,3,0,0,2,2,,,,1411.032,4.031,0,0,0
1436058974984448,100057410770738,"Prague International Chess Festival","📣 INTERVIEW: How did David Anton Guijarro
 evaluate his Round 2 victory? Take a listen! ♟️🎙️

📣 ROZHOVOR: Jak popsal svoji výhru v 2. kole David Anton Guijarro? Poslechněte si! ♟️🎙️","📣 INTERVIEW: How did David Anton Guijarro
 evaluate his Round 2 victory? Take a listen! ♟️🎙️

📣 ROZHOVOR: Jak popsal svoji výhru v 2. kole David Anton Guijarro? Poslechněte si! ♟️🎙️",102,"02/27/2026 04:17",N/A,https://www.facebook.com/reel/1525161061915668/,0,0,Videa,,,,,Dlouhodobě,464,411,,5,5,0,0,3,3,,,,1911.571,4.628,0,0,0
1436069478316731,100057410770738,"Prague International Chess Festival","Besides the other games on today’s schedule, #PICF features two that deserve special attention.

In the Masters section, two symbols of the rising chess generation — Vincent Keymer and Nodirbek Abdusattorov — will face each other. They first met as far back as the U10 World Championship in 2014, and currently hold 4th and 5th place respectively in the world rankings. The Challengers section will feature a clash between Divya Deshmukh and Zhu Jiner, who are set to meet again in just a month’s time at the Candidates Tournament. Zhu will have extra motivation as well — it was Deshmukh who eliminated her in the Round of 16 at the Women’s World Cup

Tune in to our broadcast so you don’t miss a single move! We start at 15:00! ♟️

Kromě ostatních partií dnes #PICF nabízí dvě, které stojí za speciální zmínku. 
V sekci Masters se proti sobě postaví dva symboly nastupující generace šachistů Vincent Keymer a Nodirbek Abdusattorov. Poprvé se potkali už na MS U10 v roce 2014, aktuálně opanují 4., potažmo 5. místo světového žebříčku. Challengers kategorie zase nabídne souboj mezi Divyou Desmukh a Jiner Zhu, které se spolu utkají už za měsíc v turnaji kandidátek. Zhu navíc má Indce co vracet, na světovém poháru ji totiž právě ona vyřadila v osmifinále. Laďte naše přenosy, ať vám nic neunikne! Začínáme v 15:00!",,0,"02/27/2026 04:34",N/A,https://www.facebook.com/PragueChessFestival/posts/pfbid02mZeRwESJatRTZZZu5ezDL6AA2ovZsLcijRcxAWDfQLWQb6jRZZopSUirf8whoXb2l,0,0,Fotky,,,,,Dlouhodobě,877,468,,3,3,0,0,15,4,11,,,,,,,
1436077814982564,100057410770738,"Prague International Chess Festival","Picture time! 📸🫶 Enjoy some photos from round 2! ♟️

📷 by @zewlakk_foto 💥

Užijte si výběr fotek z druhého kola. To třetí startuje v 15:00. ♟️ Přijďte se podívat! 

#chess #game #prague #praha #sachy",,0,"02/27/2026 04:46",N/A,https://www.facebook.com/PragueChessFestival/posts/pfbid0pB1hQb3CaLtiiSN91w7CSYX6iXhdZgAxTEyFSbRputKQzrQd6Hf7vxa1ffLju7Hbl,0,0,Fotky,,,,,Dlouhodobě,1511,806,,23,23,0,0,116,18,97,1,,,,,,
1436120451644967,100057410770738,"Prague International Chess Festival","Day 3⃣, let's go! 🔥

Třetí kolo je tady! ♟️",,0,"02/27/2026 05:44",N/A,https://www.facebook.com/PragueChessFestival/posts/pfbid03573jaXBq7beqhBuSCxL1Vm8KDG4G1gTgzg6QUNcaaFTaVCrx4gwK9ay7FZBVZgj8l,0,0,Fotky,,,,,Dlouhodobě,772,379,,5,4,0,1,12,5,7,,,,,,,
1436196218304057,100057410770738,"Prague International Chess Festival","You are always welcome in Prague, champ! 🫶♟️

Vždycky Tě v Praze rádi vidíme, šampione! 😍

ChessBase India",,0,"02/27/2026 07:35",N/A,https://www.facebook.com/PragueChessFestival/posts/pfbid03Ht2soBBxcE5ZBbKqbqBu8BZz66cSbJgQMU1Hsq6kZYsGMNW5uasmNxpeGsHM42El,0,0,Fotky,,,,,Dlouhodobě,2536,1426,,31,29,1,1,226,43,183,,,,,,,
1436199418303737,100057410770738,"Prague International Chess Festival","Reigning world champion and his arrival to Prague. 🤩

Úřadující mistr světa a jeho příjezd do Prahy. 👑","Reigning world champion and his arrival to Prague. 🤩

Úřadující mistr světa a jeho příjezd do Prahy. 👑",10,"02/27/2026 07:39",N/A,https://www.facebook.com/reel/2468934093561294/,0,0,Videa,,,,,Dlouhodobě,933,760,,6,6,0,0,2,2,,,,2806.231,3.534,0.01,0,0
1436209601636052,100057410770738,"Prague International Chess Festival","""I will never try to kill the game."" says the current number 1 in Iran Parham Maghsoodloo. Full interview soon on our YouTube channel.

Poslechněte si ústřižek z rozhovoru s íránskou jedničkou Parhamem Mghsoodloem. Celý rozhovor již brzy na našem YouTube kanálu.","""I will never try to kill the game."" says the current number 1 in Iran Parham Maghsoodloo. Full interview soon on our YouTube channel.

Poslechněte si ústřižek z rozhovoru s íránskou jedničkou Parhamem Mghsoodloem. Celý rozhovor již brzy na našem YouTube kanálu.",125,"02/27/2026 07:54",uploaded,https://www.facebook.com/reel/1246557030783876/,0,0,Videa,,,,,Dlouhodobě,591,502,,8,8,0,0,6,6,,,,4870.327,9.402,0,0,0
1436359021621110,100057410770738,"Prague International Chess Festival","These are results of round 3. Which game did you enjoy the most? ♟️

Podívejte se na výsledky třetího kola. Jakou partii jste si nejvíc užili? ♟️",,0,"02/27/2026 12:14",N/A,https://www.facebook.com/PragueChessFestival/posts/pfbid0FDqSKuBE7KbxSWnzpkKXRh257ewAXEWjKRTXFbGBrLZVoJa9uTnVdKUoXr6ub9Qwl,0,0,Fotky,,,,,Dlouhodobě,948,461,,4,4,0,0,39,3,36,,,,,,,
1436359964954349,100057410770738,"Prague International Chess Festival","Have a look at standings after round 3. We continue tommorow!

Takto vypadá průběžné pořadí po třetím kola. Zítra pokračujeme!",,0,"02/27/2026 12:16",N/A,https://www.facebook.com/PragueChessFestival/posts/pfbid0242UJhcd8bMA5T5YMLd4US87wJd9Cf1xF29sg1PKdioYQ74LGrTT6djr7F9s4An1wl,0,0,Fotky,,,,,Dlouhodobě,1329,685,,4,4,0,0,68,17,51,,,,,,,
1436808291576183,100057410770738,"Prague International Chess Festival","Another day, more dramatic games and more surprising results. Take a look back at Children’s Day as well as the third round of the Prague International Chess Festival.

Další den, další dramatické partie a další překvapivé výsledky. Koukněte na ohlédnutí za dětským dnem a také třetím kolem na Pražském šachovém festivalu","Another day, more dramatic games and more surprising results. Take a look back at Children’s Day as well as the third round of the Prague International Chess Festival.

Další den, další dramatické partie a další překvapivé výsledky. Koukněte na ohlédnutí za dětským dnem a také třetím kolem na Pražském šachovém festivalu",100,"02/28/2026 01:45",N/A,https://www.facebook.com/reel/912528031671530/,0,0,Videa,,,,,Dlouhodobě,709,560,,18,16,0,2,10,10,,,,6112.335,10.136,0,0,0
1436828314907514,100057410770738,"Prague International Chess Festival","Prague International Chess Festival přidal(a) fotky do alba: PICF 2026 - Round 3",,0,"02/28/2026 02:17",N/A,https://www.facebook.com/PragueChessFestival/posts/pfbid0A9d7cgHHF44mLFbsCqE1cw7YXNkAtE362RUBDv11KcQnnuwkHwvvmfqRueEAQd1Ll,0,0,Fotky,,,,,Dlouhodobě,1061,507,,10,9,0,1,70,12,58,,,,,,,
1436901161566896,100057410770738,"Prague International Chess Festival","Jonas Buhl Bjerre defeated Thomas Beerdsen in Round 3. He secured his first win of the event. Here is his assessment. ♟️🎙️

Jonas Buhl Bjerre ve třetím kole porazil Thomase Beerdsena, který byl dosud ve vedení. Získal tak první turnajové vítězství. Tady je jeho hodnocení. ♟️🎙️","Jonas Buhl Bjerre defeated Thomas Beerdsen in Round 3. He secured his first win of the event. Here is his assessment. ♟️🎙️

Jonas Buhl Bjerre ve třetím kole porazil Thomase Beerdsena, který byl dosud ve vedení. Získal tak první turnajové vítězství. Tady je jeho hodnocení. ♟️🎙️",129,"02/28/2026 04:07",N/A,https://www.facebook.com/reel/2168459680359867/,0,0,Videa,,,,,Dlouhodobě,379,326,,2,2,0,0,0,,,,,1833.341,5.606,0,0,0
1436916608232018,100057410770738,"Prague International Chess Festival","Let’s take one more look back at yesterday — specifically at the game between Jáchym Němec and Surya Shekhar Ganguly. The Czech representative secured his second win of the tournament; have a listen to his analysis.♟️🎙️

Pojďme se ještě jednou vrátit ke včerejšku, konkrétně k partii mezi Jáchymem Němcem a Suryou Shekharem Gangulym. Český reprezentant si připsal druhou výhru v turnaji, poslechněte si jeho rozbor.♟️🎙️","Let’s take one more look back at yesterday — specifically at the game between Jáchym Němec and Surya Shekhar Ganguly. The Czech representative secured his second win of the tournament; have a listen to his analysis.♟️🎙️

Pojďme se ještě jednou vrátit ke včerejšku, konkrétně k partii mezi Jáchymem Němcem a Suryou Shekharem Gangulym. Český reprezentant si připsal druhou výhru v turnaji, poslechněte si jeho rozbor.♟️🎙️",69,"02/28/2026 04:31",mixed,https://www.facebook.com/reel/916785067747636/,0,0,Videa,,,,,Dlouhodobě,1651,1358,,64,55,6,3,105,105,,,,19237.237,13.691,0,0,0
1436920368231642,100057410770738,"Prague International Chess Festival","Here are pairings for Round 4 of PICF2026 Challengers section",,0,"02/28/2026 04:38",N/A,https://www.facebook.com/PragueChessFestival/posts/pfbid0237BCTUg1htETB3QN9Joux6WEvpWAG7vjcyr6irtTY5hWm6moeikqKP8cnfV3o7HAl,0,0,Fotky,,,,,Dlouhodobě,1605,1033,,7,7,0,0,29,18,11,,,,,,,
1436999648223714,100057410770738,"Prague International Chess Festival","""I am trying to be a universal player, but I am not quite,"" says sincerely the only Czech GM in the Masters field, David Navara, in his interview. You can now enjoy the full version on our YouTube channel.

„Snažím se být univerzálním hráčem, ale úplně jím nejsem,“ říká upřímně jediný český velmistr v poli Masters David Navara ve svém rozhovoru. Plnou verzi si nyní můžete vychutnat na našem YouTube kanálu.","""I am trying to be a universal player, but I am not quite,"" says sincerely the only Czech GM in the Masters field, David Navara, in his interview. You can now enjoy the full version on our YouTube channel.

„Snažím se být univerzálním hráčem, ale úplně jím nejsem,“ říká upřímně jediný český velmistr v poli Masters David Navara ve svém rozhovoru. Plnou verzi si nyní můžete vychutnat na našem YouTube kanálu.",129,"02/28/2026 06:28",uploaded,https://www.facebook.com/reel/1445536247301767/,0,0,Videa,,,,,Dlouhodobě,4502,4307,,80,70,7,3,257,257,,,,74876.973,18.566,0,0,0
1437075784882767,100057410770738,"Prague International Chess Festival","👉Today, chess has completely taken over Prague, the playing hall at the Don Giovanni Hotel is filled with fans. Come and support your favorites. ♟️ 💪 The Prague International Chess Festival runs until March 6.

👉Prahu dnes naplno ovládly šachy, hrací sál v hotelu Don Giovanni je zaplněn fanoušky. Přijďte se i vy podívat na své favority. Prague International Chess Festival probíhá až do 6. března. 

📸 Tomáš Krist",,0,"02/28/2026 08:18",N/A,https://www.facebook.com/PragueChessFestival/posts/pfbid02q9N5TwakBZ58rwi1yL8fcayHTUdctwSvnW5zSJ7q6wU8wS4bV3rYsSXtmMZrrw9Fl,0,0,Fotky,,,,,Dlouhodobě,2381,1175,,47,41,0,6,224,52,172,,,,,,,
1437203254870020,100057410770738,"Prague International Chess Festival","Round 4 is over. ♟️ In the Masters, Vincent Keymer and Jorden van Foreest scored wins, with van Foreest leading the tournament. 🔥

Čtvrté kolo je za námi, v turnaji Masters si dnes připsali vítězný bod Vincent Keymer a Jorden Van Foreest, který je ve vedení turnaje.",,0,"02/28/2026 11:49",N/A,https://www.facebook.com/PragueChessFestival/posts/pfbid02MYLt7bXcSqEktHnSYQQ217mC7QrEjEvEiUhMML3RdoB67iEFXJmST27px3XZsMX7l,0,0,Fotky,,,,,Dlouhodobě,842,473,,6,6,0,0,20,11,9,,,,,,,
1437222554868090,100057410770738,"Prague International Chess Festival","In Round 4 of the Challengers tournament, Benjamin Gledura and Daniil Yuffa claimed victory. Václav Finěk is still leading the tournament. 💪

Ve 4. kole turnaje Challengers vybojovali vítězný bod Benjamin Gledura a Daniil Yuffa. 💪 Ve vedení turnaje je stále Václav Finěk.",,0,"02/28/2026 12:26",N/A,https://www.facebook.com/PragueChessFestival/posts/pfbid0Zk2UA77MiBuPHsSLBhRsJRZAu8KmdkAoT9B1AjckTSiAYw8DBEsqHsd1BG6Pr4pul,0,0,Fotky,,,,,Dlouhodobě,2392,1569,,5,5,0,0,107,63,44,,,,,,,
1437238078199871,100057410770738,"Prague International Chess Festival","📣 INTERVIEW: In Round 4, Jorden van Foreest defeated Nodirbek Yakubboev and is now the sole leader of the Masters tournament. ♟️🔥

📣 ROZHOVOR: Jorden van Foreest ve 4. kole porazil Nodirbeka Yakubboeva a je aktuálně vedoucím hráčem turnaje Masters.","📣 INTERVIEW: In Round 4, Jorden van Foreest defeated Nodirbek Yakubboev and is now the sole leader of the Masters tournament. ♟️🔥

📣 ROZHOVOR: Jorden van Foreest ve 4. kole porazil Nodirbeka Yakubboeva a je aktuálně vedoucím hráčem turnaje Masters.",130,"02/28/2026 12:57",N/A,https://www.facebook.com/reel/927268426342258/,0,0,Videa,,,,,Dlouhodobě,798,713,,11,11,0,0,11,11,,,,5032.314,6.884,0,0,0
1437250774865268,100057410770738,"Prague International Chess Festival","Prague International Chess Festival přidal(a) fotky do alba: PICF 2026 - Round 4",,0,"02/28/2026 13:20",N/A,https://www.facebook.com/PragueChessFestival/posts/pfbid02hrW7FDFPY9MDR77Wvx3yuJwFJgpfbnnz7UatsbXdX4dFvWHCEsJn2jqub6u9RTLul,0,0,Fotky,,,,,Dlouhodobě,1415,612,,26,24,0,2,204,65,139,,,,,,,
1437617801495232,100057410770738,"Prague International Chess Festival","⏰ How does it look after four rounds? ♟️ At the top of the Masters standings is Jorden van Foreest with 3 points. Half a point behind are Nodirbek Abdusattorov and David Navara.

⏰ Jak to vypadá po čtyřech odehraných kolech? ♟️ Ve vedení turnaje Masters je Jorden van Foreest se 3 body. O půl bodu méně mají Abdusattorov a Navara.",,0,"02/28/2026 23:51",N/A,https://www.facebook.com/PragueChessFestival/posts/pfbid02LNR3SmitqYreG1qMqFuoQnJFCoKZtiT6p3wtWGHjMKnAYsvJgeRASENgMUqgveufl,0,0,Fotky,,,,,Dlouhodobě,4396,2917,,25,25,0,0,141,97,44,,,,,,,
1437636318160047,100057410770738,"Prague International Chess Festival","Czech colors are leading the Challengers tournament! 🇨🇿♟️ Václav Finěk remains the tournament leader with three points.
The next round starts today at 3:00 PM. 🔥

České barvy ve vedení turnaje Challengers! 🇨🇿♟️ Průběžně vedoucím hráčem je stále Václav Finěk se třemi body. Další kolo začíná dnes v 15:00.",,0,"03/01/2026 00:22",N/A,https://www.facebook.com/PragueChessFestival/posts/pfbid09PcTnEmCwvo6mKaj8nf55Ahu9dWu7p9TZUnz5P9oZWkUpJxnb7GhCXxGAz5MiQJ6l,0,0,Fotky,,,,,Dlouhodobě,5815,4188,,30,29,1,0,192,160,32,,1,,,,,
1437679201489092,100057410770738,"Prague International Chess Festival","Prague International Chess Festival přidal(a) fotky do alba: VIP K CERO INVEST Real estate & Financial rapid tournament",,0,"03/01/2026 01:21",N/A,https://www.facebook.com/PragueChessFestival/posts/pfbid021gwae6zpV7QmYdK6JrV4txVKc4XSpnFddXaGsezpwoLToQ6XqdZEjvnkJjVCJVU1l,0,0,Fotky,,,,,Dlouhodobě,1168,524,,8,8,0,0,115,28,87,,,,,,,
1437706794819666,100057410770738,"Prague International Chess Festival","It is our great honor to welcome the legend of women’s chess Pia Cramling to the Prague International Chess Festival. ♟️✨ She is the ambassador of the Futures tournament, which is dedicated to female players this year. We truly appreciate her presence. Welcome to Prague, Mrs. Cramling. ♟️🇨🇿

Je nám ctí přivítat na Pražském šachovém festivalu legendu ženského šachu Piu Cramling. Je ambassadorkou turnaje Futures, který je v letošním roce určen nadějným šachistkám. Moc si toho vážíme, vítejte v Praze!",,0,"03/01/2026 02:13",N/A,https://www.facebook.com/PragueChessFestival/posts/pfbid0Fp8NXYATcjyF7oUgj7cUrfV3XFExdEhbtNCzXaUE4C6Pg8EgStQhewj1ngD2yLwWl,0,0,Fotky,,,,,Dlouhodobě,7090,5183,,142,141,0,1,314,242,72,,,,,,,
1437735764816769,100057410770738,"Prague International Chess Festival","Day 4 at the PICF was full of dramatic games and great encounters. ♟️🔥 Prague is truly living and breathing chess. Take a look. 👀✨

Čtvrtý den na Pražském šachovém festivalu plný dramatických partií i skvělých setkání. Praha žije naplno šachem. Podívejte se.","Day 4 at the PICF was full of dramatic games and great encounters. ♟️🔥 Prague is truly living and breathing chess. Take a look. 👀✨

Čtvrtý den na Pražském šachovém festivalu plný dramatických partií i skvělých setkání. Praha žije naplno šachem. Podívejte se.",99,"03/01/2026 03:07",N/A,https://www.facebook.com/reel/1474502140892217/,0,0,Videa,,,,,Dlouhodobě,887,714,,20,16,0,4,18,18,,,,7770.506,10.292,0,0,0
1437792864811059,100057410770738,"Prague International Chess Festival","Czech this out! Domestic players are in the lead of Challengers. Can they maintain their strong performance heading into the break? Enjoy your sunday with the festival and don't forget to vote fot the best games! https://praguechessfestival.com/en/2026/vote 📣

🇨🇿 Podívejte se na to, jak to Čechům v Challengers pěkně jde. Udrží domácí skvělé výkony i před přestávkou? Užijte si neděli na festivalu a nezapomeňte zahlasovat o nejlepší partii dne! https://praguechessfestival.com/cs/2026/vote 📣",,0,"03/01/2026 04:32",N/A,https://www.facebook.com/PragueChessFestival/posts/pfbid02BGvvVtMSpBn76JRBqbUoWY6gYXS2P1XhzZFdpudGt78i8Qat8R8hGRAe7i9ZYLqAl,0,0,Fotky,,,,,Dlouhodobě,1062,690,,10,10,0,0,27,10,14,3,,,,,,
1437824181474594,100057410770738,"Prague International Chess Festival","💪 One final push before the rest day. Who will be on top at the halfway point of the tournament? Watch us live! https://youtube.com/watch?v=2kAZofslmtw 🔴

💪 🇨🇿 Ještě jedna šachová bitva před volným dnem. Kdo bude na čele turnaje v jeho polovině? Sledujte živě náš přenos! https://youtube.com/watch?v=fp0jRi5qcBc 🔴",,0,"03/01/2026 05:21",N/A,https://www.facebook.com/PragueChessFestival/posts/pfbid0M3QQaM4bhUv9m43qUDA87ziPEBJsoEbhNnqPsCG3sP4jo5qXhm4q8f78rHL5BB5Bl,0,0,Fotky,,,,,Dlouhodobě,811,451,,6,6,0,0,18,5,7,6,,,,,,
1437878291469183,100057410770738,"Prague International Chess Festival","♟️ Our Futures ambassador Pia Cramling made the first move of Round 5! 🙏

🇨🇿 ♟️ Kdo jiný než Pia Cramling. Naše ambasadorka Futures turnaje zahájila 5. kolo! 🙏",,0,"03/01/2026 06:26",N/A,https://www.facebook.com/PragueChessFestival/posts/pfbid0226kS6HXgsKTPcztE6iDgyuiahvfPc8xAWMVkBSUHVWFzZWjSZLdmZWja4QY2omNzl,0,0,Fotky,,,,,Dlouhodobě,2293,1416,,25,24,0,1,159,33,126,,,,,,,
1437909051466107,100057410770738,"Prague International Chess Festival","Prague International Chess Festival přidal(a) fotky do alba: PICF2026 - Blitz tournament (by Petr Vrabec)",,0,"03/01/2026 07:14",N/A,https://www.facebook.com/PragueChessFestival/posts/pfbid04ouMyurSPE2eMVAnzqVTTjRQcNY5M2LbhgWejpKxHtdSp5QrEjCNryBonTCVWCwCl,0,0,Fotky,,,,,Dlouhodobě,2630,1243,,15,14,0,1,157,31,126,,,,,,,
1437944271462585,100057410770738,"Prague International Chess Festival","🗳 Vote for the best game of the Round 5 is now open! Watch closely and decide who will claim the price! 🥇 Link in bio! https://praguechessfestival.com/en/2026/vote

🇨🇿 🗳 Hlasování o nejlepší partii 5. kola je nyní otevřeno! Sledujte pozorně a rozhodněte, kdo si odnese cenu! Link na hlasování najdete v biu! https://praguechessfestival.com/cs/2026/vote",,0,"03/01/2026 08:05",N/A,https://www.facebook.com/PragueChessFestival/posts/pfbid02CUPTxnN7Fvx74J3m1m4N8TBcfZ8kCY6tyGMmDV6ZbAa8dbtAUni7xhqoVGiD2kZVl,0,0,Fotky,,,,,Dlouhodobě,1142,683,,7,7,0,0,23,10,1,12,,,,,,
1437981658125513,100057410770738,"Prague International Chess Festival","PICF2026 - Nodirbek Yakubboev","🎙️ It’s all about preparation. Last year’s Challengers promotee @[100010138388858:2048:Nodirbek Yakubboev] has his sights set high and we’re cheering him on. Take a look! More coming soon on our YouTube channel. 🔝

🇨🇿 🎙️ Vše je o přípravě. Loňský vítěz Challengers Nodirbek Yakubboev míří vysoko a my mu držíme palce. Podívejte se na ochutnávku. Více už brzy na našem YouTube kanálu. 🔝",105,"03/01/2026 09:04",N/A,https://www.facebook.com/reel/1695623831808685/,1,0,Videa,,,,,Dlouhodobě,563,459,,5,5,0,0,3,3,,,,1848.155,3.802,0,0,0
1438064648117214,100057410770738,"Prague International Chess Festival","🗞️ Václav Finěk defends the lead, and the Indian clash goes to Divya Deshmukh. How is your favourite player doing ahead of the break?

🇨🇿 🗞️ Václav Finěk udržel vedení a indický souboj ovládla Divya Deshmukh. Jak si vede váš oblíbený hráč před přestávkou?",,0,"03/01/2026 11:30",N/A,https://www.facebook.com/PragueChessFestival/posts/pfbid02byf65T5gFqzGW8ehpkJENLubVczNBcGZStQrDGMgNzGMBbY41aTxauX7Wc8MeNEEl,0,0,Fotky,,,,,Dlouhodobě,2143,1322,,11,11,0,0,93,53,40,,,,,,,
1438092451447767,100057410770738,"Prague International Chess Festival","🔥 What a round in the Masters category! You couldn’t find a draw there, friends. Quite a bang before the break! 🤯

🔥 🇨🇿 To bylo kolo v kategorii Masters! Remízu byste tam hledali marně, přátelé. Pořádná pecka před volným dnem! 🤯

Vote here for the best game / Pro nejlepší partii hlasujte zde: https://praguechessfestival.com/en/2026/vote 👈",,0,"03/01/2026 12:15",N/A,https://www.facebook.com/PragueChessFestival/posts/pfbid02V97gYoH7BeL1K33A69hsXMF86WmZMLDB6LGrjULjSDWjp9mfvERPwen8te5Mx9uFl,0,0,Fotky,,,,,Dlouhodobě,1134,595,,10,10,0,0,36,10,20,6,,,,,,
1438124428111236,100057410770738,"Prague International Chess Festival","PICF2026 - Divya Deshmukh after Round 5","💬 “Unfortunately, it’s normal for me to play crazy games.” But today’s outcome definitely puts Divya Deshmukh in a wonderful mood. Congratulations on your first win! 💯

🇨🇿 💬 „Bohužel je pro mě normální hrát bláznivé partie.“ Dnešní výsledek ale dostal Divyu Deshmukh do skvělé nálady. Gratulujeme k první výhře! 💯",128,"03/01/2026 13:16",auto,https://www.facebook.com/reel/2399675087134314/,1,0,Videa,,,,,Dlouhodobě,1057,934,,16,15,0,1,29,28,,1,,9074.607,9.705,0,0,0
1438166938106985,100057410770738,"Prague International Chess Festival","Prague International Chess Festival přidal(a) fotky do alba: PICF2026 - Round 5 (by Petr Vrabec)",,0,"03/01/2026 14:41",N/A,https://www.facebook.com/PragueChessFestival/posts/pfbid02dQDkuuJPwcF6FJi7r1pUkivuzRE5BA8EGeqpqjGYSdPRFMGqbWvUMn6cYFZ6JddUl,0,0,Fotky,,,,,Dlouhodobě,1582,724,,23,22,0,1,143,19,124,,,,,,,
1438411388082540,100057410770738,"Prague International Chess Festival","🤗 Outstanding, masterful performances, all well worthy of a rest day. Enjoy the city, take a walk. We’ll be back tomorrow, chasing Van Leaders and cheering for David! No bias, of course! 📊

🇨🇿 🤗 Vynikající, mistrovské výkony. Všichni si plně zaslouží volný den. Užijte si město, vyrazte na procházku. Zítra jsme zpět, budeme nahánět Van Lídra a fandit Davidovi! Samozřejmě zcela nezaujatě! 📊",,0,"03/01/2026 22:08",N/A,https://www.facebook.com/PragueChessFestival/posts/pfbid02fLAGrQGHgZzwn5dVyAUzb72vzbE8j83nfvEHgCxaVHRYRGPg5aJfy2eS9ggTYa2vl,0,0,Fotky,,,,,Dlouhodobě,2670,1659,,23,22,1,0,93,76,17,,,,,,,
1438442438079435,100057410770738,"Prague International Chess Festival","🫸 🫷 Five exciting challenges behind them, four more to go. The group will take a day off and then return in pursuit of a spot in the Masters. We can’t wait! ♟️

🇨🇿🫸 🫷 Pět napínavých výzev je za nimi, čtyři další je čekají. Naši Challengers si teď vezmou den volna a poté se vrátí do boje o místo v Masters. Už aby to bylo!  ♟️",,0,"03/01/2026 23:07",N/A,https://www.facebook.com/PragueChessFestival/posts/pfbid0PaHs1hYNWqAojynXBKAvsTtKNXsXAgzJ7sBAFDzKoQWE3cJGeAHKhqkWuLeg6LCFl,0,0,Fotky,,,,,Dlouhodobě,2279,1440,,19,19,0,0,49,38,11,,,,,,,
1438506474739698,100057410770738,"Prague International Chess Festival","PICF2026 - Parham Maghsoodloo after Round 5","🧠 “I managed to keep my advantage. It’s always a joy to play Vincent Keymer.” Acknowledging his own game while also showing great respect for his opponent. Exactly the kind of sportsmanship we love to see from Parham Maghsoodloo. 🎙️

🇨🇿 🧠 „Podařilo se mi výhodu udržet, hrát proti Vincentu Keymerovi je vždy radost.“ Zhodnocení vlastní partie, ale zároveň velký respekt k soupeři. To je přesně ten přístup, za který si Parhama Maghsoodlooa velmi ceníme. 🎙️",67,"03/02/2026 01:08",N/A,https://www.facebook.com/reel/1248370380008397/,0,0,Videa,,,,,Dlouhodobě,748,692,,9,9,0,0,10,10,,,,3993.95,6.024,0,0,0
1438546311402381,100057410770738,"Prague International Chess Festival","PICF2026 - Round 5 highlights","🎞️ Pia Cramling is here to support young talents. We also have some very exciting games and plenty of blitz action. Just before the break, all for you to enjoy. 💯

🇨🇿 🎞️ Pia Cramling je tady, aby podpořila mladé talenty. Nechybí ani velmi atraktivní partie a spousta bleskové akce před volným dnem v turnaji. Vše je pro vás připraveno ke zhlédnutí. 💯",104,"03/02/2026 02:23",N/A,https://www.facebook.com/reel/1565222434768243/,0,0,Videa,,,,,Dlouhodobě,798,627,,15,14,0,1,7,7,,,,7063.631,10.296,0,0,0
1438574288066250,100057410770738,"Prague International Chess Festival","🤝 👩‍🦰 We invite you today to the Grand Hotel Prague Towers, where the Chess Women’s Day will take place. You can meet the Futures tournament ambassador Pia Cramling. The program will also include simultaneous exhibitions, games by leading Czech female representatives, and a screening of the award-winning documentary Sofonisba’s Chess Game. Free entry!

Read more 👉 https://praguechessfestival.com/en/2026/clanek?id=570

🇨🇿 🤝 👩‍🦰 Dnes vás zveme do Grand Hotelu Prague Towers, kde proběhne Šachový den žen. Můžete se potkat s ambasadorkou turnaje Futures Piou Cramling. Na programu budou také simultánky, partie předních českých reprezentantek i projekce oceňovaného dokumentu Sofonisba’s Chess Game. Vstup je zdarma!

Více na 👉 https://praguechessfestival.com/cs/2026/clanek?id=569",,0,"03/02/2026 03:12",N/A,https://www.facebook.com/PragueChessFestival/posts/pfbid036P6K7vu2Yut73B4qqLP13j1j1AdBvZNATs5K6PsbJqLnLMTFSqK9XU37Xz2T96JHl,0,0,Fotky,,,,,Dlouhodobě,1195,627,,8,7,1,0,22,8,8,6,,,,,,
1438761324714213,100057410770738,"Prague International Chess Festival","♟️ Chess Women’s Day is up and running! Thank you to all of you who support young girls and women on this beautiful journey. 🙏

🇨🇿♟️ Šachový den žen je v plném proudu! Děkujeme všem, kteří podporují mladé dívky a ženy na této krásné cestě. 🙏 

FIDE Commission for Women's Chess",,0,"03/02/2026 07:46",N/A,https://www.facebook.com/PragueChessFestival/posts/pfbid02TJCVM9keUEesiigeLLn9X7k48SqDxYJ1L8z8R5Lco8Sv3X1dkdGnCg1yS2ievCi4l,0,0,Fotky,,,,,Dlouhodobě,2652,1462,,30,29,0,1,317,77,240,,,,,,,
1438832121373800,100057410770738,"Prague International Chess Festival","Prague International Chess Festival přidal(a) fotky do alba: PICF2026 - Workshop with Pia Cramling (by Petr Vrabec)",,0,"03/02/2026 09:33",N/A,https://www.facebook.com/PragueChessFestival/posts/pfbid0B4bCGyKyW6W8KNbX8SM3bR42cqJfoYf2t7CKYqV7pp2iWc8BHGtkNMd7dUDioJp4l,0,0,Fotky,,,,,Dlouhodobě,1618,689,,28,27,0,1,188,49,139,,,,,,,
1438859604704385,100057410770738,"Prague International Chess Festival","PICF2026 - Pia Cramling, Futures tournament ambassador","🎙️ ""We always need to support women, so we'll simply see more women playing chess."" Pia Cramling is our Futures role model for this year’s @[100057410770738:2048:Prague International Chess Festival]. Thank you so much for your kindness, lessons, and positive spirit! 💬

🇨🇿 🎙️ „Vždy musíme podporovat ženy, aby šachistek přibývalo."" Pia Cramling je pro naše Futures na Pražském šachovém festivalu velkým vzorem. Moc děkujeme za laskavost, cenné lekce a pozitivní energii! 💬",132,"03/02/2026 10:20",N/A,https://www.facebook.com/reel/1643812300144487/,0,0,Videa,,,,,Dlouhodobě,965,762,,18,18,0,0,15,15,,,,8560.085,10.3,0,0,0
1438972654693080,100057410770738,"Prague International Chess Festival","As part of Women’s Chess Day, Divya Deshmukh took on the role of chess instructor, explaining the basics of the game to Czech actress Aňa Geislerová. ♟️✨ We thank both remarkable women for being part of today’s event!

Divya Deshmukh se v rámci ženského šachového dne ujala role šachové lektorky, když vysvětlovala základy šachu české herečce Aně Geislerové. Děkujeme oběma významným ženám, že dorazily na dnešní událost!

#PICF #PICF2026 #chess #fidewomen #chesswomen #PragueChess","As part of Women’s Chess Day, Divya Deshmukh took on the role of chess instructor, explaining the basics of the game to Czech actress Aňa Geislerová. ♟️✨ We thank both remarkable women for being part of today’s event!

Divya Deshmukh se v rámci ženského šachového dne ujala role šachové lektorky, když vysvětlovala základy šachu české herečce Aně Geislerové. Děkujeme oběma významným ženám, že dorazily na dnešní událost!

#PICF #PICF2026 #chess #fidewomen #chesswomen #PragueChess",34,"03/02/2026 13:45",N/A,https://www.facebook.com/reel/1406963533959030/,1,0,Videa,,,,,Dlouhodobě,1849,1512,,35,34,0,1,48,48,,,,14894.541,9.511,0,0,0
1439237737999905,100057410770738,"Prague International Chess Festival","Prague International Chess Festival přidal(a) fotky do alba: PICF2026 - Chess Women's Day (by Petr Vrabec)",,0,"03/02/2026 22:05",N/A,https://www.facebook.com/PragueChessFestival/posts/pfbid0vkNgAJaCSeVpFjUdMKMDUyS5Vt8JqF1xLnpAHKEJ4oW6QRJRggPAUSLxjm1X13T4l,0,0,Fotky,,,,,Dlouhodobě,5761,3319,,79,73,0,6,699,157,542,,,,,,,
1439347971322215,100057410770738,"Prague International Chess Festival","Women’s Chess Day in Prague! ♟️✨ While the Masters, Challengers, and Futures tournaments had a rest day, we decided to honor all women chess players. Czech actress Aňa Geislerová also joined us for this special occasion. 🇨🇿💛

Šachový den žen v Praze! ♟️✨ Zatímco turnaje Masters, Challengers i Futures měli volný den, my jsme se rozhodli vzdát čest všem šachistkám. A dorazila i česká herečka Aňa Geislerová. 🇨🇿💛","Women’s Chess Day in Prague! ♟️✨ While the Masters, Challengers, and Futures tournaments had a rest day, we decided to honor all women chess players. Czech actress Aňa Geislerová also joined us for this special occasion. 🇨🇿💛

Šachový den žen v Praze! ♟️✨ Zatímco turnaje Masters, Challengers i Futures měli volný den, my jsme se rozhodli vzdát čest všem šachistkám. A dorazila i česká herečka Aňa Geislerová. 🇨🇿💛",103,"03/03/2026 01:50",N/A,https://www.facebook.com/reel/1553641706535790/,0,0,Videa,,,,,Dlouhodobě,1260,819,,34,26,1,7,28,28,,,,11054.499,10.438,0,0,0
1439451757978503,100057410770738,"Prague International Chess Festival","Are you excited about round six? ♟️⚔️ We sure are! 🔥

Těšíte se na šesté kolo? My rozhodně! 👍",,0,"03/03/2026 04:54",N/A,https://www.facebook.com/PragueChessFestival/posts/pfbid02b9iQTiPiYQw9thdr4iiLZUGTNrVMegsEha9LLQkg7Jr7F5vq5Smnk3j4wTLGk6pel,0,0,Fotky,,,,,Dlouhodobě,811,406,,6,6,0,0,34,4,30,,,,,,,
1439520464638299,100057410770738,"Prague International Chess Festival","Day six in progress! 🫶✨🔥

Šesté kolo začalo! ♟️

#chess #chessplayer #chessboard","Day six in progress! 🫶✨🔥

Šesté kolo začalo! ♟️

#chess #chessplayer #chessboard",16,"03/03/2026 06:50",N/A,https://www.facebook.com/reel/3073881339466789/,1,0,Videa,,,,,Dlouhodobě,602,480,,9,9,0,0,4,4,,,,2559.014,5.233,0,0,0
1439537521303260,100057410770738,"Prague International Chess Festival","""I have positive memories from the last time. There are many strong players here and Prague is a beatiful city."" ♟️ Grandmaster 
Hans Niemann came back to our festival, you can enjoy full interview on our Youtube channel. 👇

""Mám na Prahu dobré vzpomínky. Je tady mnoho skvělých hráčů a město je překrásné,"" říkal před startem dalšího ročníku našeho festivalu Hans Niemann. Celý rozhovor si můžete pustit na našem youtube kanálu. ▶️","""I have positive memories from the last time. There are many strong players here and Prague is a beatiful city."" ♟️ Grandmaster 
Hans Niemann came back to our festival, you can enjoy full interview on our Youtube channel. 👇

""Mám na Prahu dobré vzpomínky. Je tady mnoho skvělých hráčů a město je překrásné,"" říkal před startem dalšího ročníku našeho festivalu Hans Niemann. Celý rozhovor si můžete pustit na našem youtube kanálu. ▶️",132,"03/03/2026 07:17",N/A,https://www.facebook.com/reel/1627056224977946/,0,0,Videa,,,,,Dlouhodobě,563,499,,4,4,0,0,8,8,,,,6462.667,12.746,0,0,0
1439623391294673,100057410770738,"Prague International Chess Festival","♟️ Over FOUR HUNDRED players participate this year in Karel Janeček OPEN tournament.🔥🎩

Thank you!!! 🙏 Karel Janeček

V turnaji Karel Janeček Open Vás hraje více než 400. 🤯 Wow. ✨",,0,"03/03/2026 09:43",N/A,https://www.facebook.com/PragueChessFestival/posts/pfbid0r4mZ8GYhaxbou11fMXw1iU8MBszJSMkw9XokRtJCB5oDtRPnRx1MECTJ5d2ygrc6l,0,0,Fotky,,,,,Dlouhodobě,5550,3455,,59,56,0,3,617,141,476,,,,,,,
1439707107952968,100057410770738,"Prague International Chess Festival","Czech wonderkid still shines at the top! 🤩 Václav Finěk has four and a half points after six rounds in Challengers category. 🇨🇿💪

Český talent stále v čele Challengers! Po šesti kolech má čtyři a půl bodu. ♟️🙏",,0,"03/03/2026 12:34",N/A,https://www.facebook.com/PragueChessFestival/posts/pfbid0SmBfY3wv5u6ru4csSKEdjrKUy2x5LZc6TFNu31mmsBGeWuWq2LFhEwVareXoV18Ql,0,0,Fotky,,,,,Dlouhodobě,795,484,,8,8,0,0,12,6,6,,,,,,,
1439707847952894,100057410770738,"Prague International Chess Festival","GM Jorden Van Foreest still in the lead after six rounds in Masters category! 💪♟️But David Navara and Nodirbek Abdusattorov are close! Reigning world champion Gukesh is last! 👀

Nizozemec Jorden Van Foreest vede i 6. kole v Masters. Ale David Navara s Nodirbekem Abdusattorovem jsou blízko ! Úřadující mistr světa Gukesh se trápí a klesl na poslední misto! 🤯",,0,"03/03/2026 12:35",N/A,https://www.facebook.com/PragueChessFestival/posts/pfbid02EkKAPc5rj54tY2eJ271CJYbR6YRm1TcjkAuUxpm1fifiToCCaZsjRpViibCDYgB4l,0,0,Fotky,,,,,Dlouhodobě,969,543,,10,10,0,0,17,12,5,,,,,,,
1439729897950689,100057410770738,"Prague International Chess Festival","He's oldest player in Masters category. Also he's still undefeated! 💪♟️ David Navara keeps playing fantastic chess. Today he drew against leader Jorden Van Foreest. Listen to his interview with lovely @keti_tsatsalashvili 🎙️🎧

Je nejstarší v kategorii Masters, má nejnižší ELO. Ale David Navara letos ukazuje, že na věku opravdu nezáleží! 🔥🤩 Dnes remizoval s lídrem tabulky Jordenem Van Foreestem a je dál druhý o půl bodu! Poslechněte si, co říkal po šestém kole. 👇","He's oldest player in Masters category. Also he's still undefeated! 💪♟️ David Navara keeps playing fantastic chess. Today he drew against leader Jorden Van Foreest. Listen to his interview with lovely @keti_tsatsalashvili 🎙️🎧

Je nejstarší v kategorii Masters, má nejnižší ELO. Ale David Navara letos ukazuje, že na věku opravdu nezáleží! 🔥🤩 Dnes remizoval s lídrem tabulky Jordenem Van Foreestem a je dál druhý o půl bodu! Poslechněte si, co říkal po šestém kole. 👇",104,"03/03/2026 13:26",N/A,https://www.facebook.com/reel/970440448647046/,0,0,Videa,,,,,Dlouhodobě,2673,2511,,78,76,2,0,184,184,,,,42924.105,17.796,0,0,0
1439756384614707,100057410770738,"Prague International Chess Festival","Prague International Chess Festival přidal(a) fotky do alba: PICF26 - round 6 (Petr Vrabec) — s Don Giovanni Hotel Prague a 2 dalšími.",,0,"03/03/2026 14:33",N/A,https://www.facebook.com/PragueChessFestival/posts/pfbid0rbTSFyzGcsdxdtNcFgBZ4Kk9QKyuQCfmXmz9pR2EypuqaNfozV4x1Dv9E5csPawYl,0,0,Fotky,,,,,Dlouhodobě,4852,2896,,89,84,1,4,533,135,398,,,,,,,
1439990487924630,100057410770738,"Prague International Chess Festival","How does it feel to beat world champion? 🔥 Aravindh Chithambaram knows that feeling! 💪♟️

Jaké to je porazit úřadujícího mistra světa? Aravindh Chithambaram Vám to řekne! 🗣️","How does it feel to beat world champion? 🔥 Aravindh Chithambaram knows that feeling! 💪♟️

Jaké to je porazit úřadujícího mistra světa? Aravindh Chithambaram Vám to řekne! 🗣️",50,"03/03/2026 22:20",N/A,https://www.facebook.com/reel/1301661311812467/,0,0,Videa,,,,,Dlouhodobě,592,565,,4,4,0,0,6,6,,,,3257.546,6.193,0,0,0
1440110694579276,100057410770738,"Prague International Chess Festival","Highlights of day six! At your service! Enjoy ♟️✨🤩

Užijte si souhrn toho nejlepšího, co nabídl šestý hrací den. 😊🔥","Highlights of day six! At your service! Enjoy ♟️✨🤩

Užijte si souhrn toho nejlepšího, co nabídl šestý hrací den. 😊🔥",106,"03/04/2026 02:03",N/A,https://www.facebook.com/reel/1540418743698128/,0,0,Videa,,,,,Dlouhodobě,596,515,,12,12,0,0,11,11,,,,8729.75,16.596,0,0,0
1440197504570595,100057410770738,"Prague International Chess Festival","We have the last three rounds ahead of us! Who do you see as the favorite to win today?

Jsou před námi poslední tři kola! Koho favorizujete na výhru v tom dnešním?",,0,"03/04/2026 04:25",N/A,https://www.facebook.com/PragueChessFestival/posts/pfbid0vqQ2LPejJm4dP8YiKs7RqC1eJhvuHhoq7DSbs7L5KLJU8hEC5gLQunjRYK9dWJZgl,0,0,Fotky,,,,,Dlouhodobě,847,529,,7,7,0,0,16,9,7,,,,,,,
1440197841237228,100057410770738,"Prague International Chess Festival","The Masters section today offers a direct clash for the provisional lead. The Uzbek phenom Nodirbek Abdusattorov will be putting pressure on Jorden van Foreest. Local hero David Navara will have the white pieces against Hans Niemann. ♟️

Masters sekce dnes nabízí přímý souboj o průběžné vedení. Uzbecký fenomén Abdusattorov bude tlačit na van Foreesta. Domácí borec Navara bude hrát bílými proti Niemannovi. ♟️",,0,"03/04/2026 04:26",N/A,https://www.facebook.com/PragueChessFestival/posts/pfbid02tLNBwG6xqmi7v9nZfFtyfrF4upJcSdb7yK1gdpmVNMYcyqTQNGpNrZJYWgDu4eSil,0,0,Fotky,,,,,Dlouhodobě,762,438,,4,3,1,0,19,13,6,,,,,,,
1440249411232071,100057410770738,"Prague International Chess Festival","Již tradičně Pražský šachový festival klade velký důraz na podporu žen a nadějných slečen v šachovém světě. Jsme moc rádi, že jednou z tváří se letos stala také česká herečka a uznávaná spisovatelka Aňa Geislerová. Celý rozhovor s ní je už teď k dispozici na našem YouTube kanálu.","Již tradičně Pražský šachový festival klade velký důraz na podporu žen a nadějných slečen v šachovém světě. Jsme moc rádi, že jednou z tváří se letos stala také česká herečka a uznávaná spisovatelka Aňa Geislerová. Celý rozhovor s ní je už teď k dispozici na našem YouTube kanálu.",81,"03/04/2026 05:35",N/A,https://www.facebook.com/reel/722717910807754/,0,0,Videa,,,,,Dlouhodobě,961,893,,10,10,0,0,14,14,,,,8308.725,9.431,0,0,0
1440299774560368,100057410770738,"Prague International Chess Festival","No introduction needed for the Uzbek phenom Nodirbek Abdusattorov. The full interview with the world number five is available on our YouTube channel. ♟️

Netřeba představovat uzbeckého fenoména Nodirbeka Abdusattorova. Celý rozhovor se světovou pětkou k dispozici na našem Youtube kanálu.","No introduction needed for the Uzbek phenom Nodirbek Abdusattorov. The full interview with the world number five is available on our YouTube channel. ♟️

Netřeba představovat uzbeckého fenoména Nodirbeka Abdusattorova. Celý rozhovor se světovou pětkou k dispozici na našem Youtube kanálu.",127,"03/04/2026 06:57",N/A,https://www.facebook.com/reel/1519243406294163/,0,0,Videa,,,,,Dlouhodobě,586,539,,15,15,0,0,5,5,,,,4984.31,9.64,0,0,0
1440451637878515,100057410770738,"Prague International Chess Festival","Only one decisive result in round seven. Which game did you enjoy the most? ♟️

V sedmém kole jen jediný rozhodný výsledek. Jakou partii jste si užili nejvíc?",,0,"03/04/2026 11:35",N/A,https://www.facebook.com/PragueChessFestival/posts/pfbid02wiWPTFcCCEdzRB5DXaGZZpPpLhm8qnpTjdkFGP12L4zBbBcco7YQwW5D92grNFrgl,0,0,Fotky,,,,,Dlouhodobě,645,352,,2,2,0,0,9,6,3,,,,,,,
1440452011211811,100057410770738,"Prague International Chess Festival","We continue tomorrow with the penultimate round. ♟️

Pokračujeme zítra předposledním kolem.",,0,"03/04/2026 11:36",N/A,https://www.facebook.com/PragueChessFestival/posts/pfbid0BQo3XhbP66fziRfzEHLv6KyDiYwtXbTCmdjDRPE29YCxmbdwBxC2iQwjjgaL6paql,0,0,Fotky,,,,,Dlouhodobě,935,534,,16,16,0,0,29,15,14,,,,,,,
1440461091210903,100057410770738,"Prague International Chess Festival","It was an honor to have you here. We hope you enjoyed today as much as we did. Ladies and gentlemen — the beach volleyball world champion and PICF 2026 ambassador Ondřej Perušič.

Byla čest tě tu mít. Doufáme, že sis dnešek užil stejně jako my. Dámy a pánové - mistr světa v beachvolejbalu a ambasador PICF 2026 Ondřej Perušič.","It was an honor to have you here. We hope you enjoyed today as much as we did. Ladies and gentlemen — the beach volleyball world champion and PICF 2026 ambassador Ondřej Perušič.

Byla čest tě tu mít. Doufáme, že sis dnešek užil stejně jako my. Dámy a pánové - mistr světa v beachvolejbalu a ambasador PICF 2026 Ondřej Perušič.",130,"03/04/2026 11:55",N/A,https://www.facebook.com/reel/2062727021126949/,0,0,Videa,,,,,Dlouhodobě,523,489,,3,3,0,0,3,3,,,,2386.346,5.12,0,0,0
1440473884542957,100057410770738,"Prague International Chess Festival","Did it turn out the way you expected among the Challengers today? ♟️

Dopadlo to dnes mezi Challengers tak jak jste čekali?",,0,"03/04/2026 12:25",N/A,https://www.facebook.com/PragueChessFestival/posts/pfbid02b3hzyLF1eAE9H5zg4WTTCa2F8m4iMugkYbdqeLeWBu7n4kw8vFacjeTcXNu8hdXql,0,0,Fotky,,,,,Dlouhodobě,1635,1061,,11,11,0,0,38,22,16,,,,,,,
1440489917874687,100057410770738,"Prague International Chess Festival","After his loss to compatriot Aravindh Chithambaram, Gukesh Dommaraju secured an important draw today against Parham Maghsoodloo. Have a listen to his impressions... ♟️

Po porážce od krajana Chithambarama dnes Gukesh uhrál dúležitou remízu s Maghsoodlooem. Poslechněte si jeho dojmy...","After his loss to compatriot Aravindh Chithambaram, Gukesh Dommaraju secured an important draw today against Parham Maghsoodloo. Have a listen to his impressions... ♟️

Po porážce od krajana Chithambarama dnes Gukesh uhrál dúležitou remízu s Maghsoodlooem. Poslechněte si jeho dojmy...",133,"03/04/2026 13:00",N/A,https://www.facebook.com/reel/1608377140455845/,0,0,Videa,,,,,Dlouhodobě,1023,1088,,10,10,0,0,24,24,,,,11054.916,11.798,0,0,0
1440754024514943,100057410770738,"Prague International Chess Festival","""Jsem nadšen. Z Prague International Chess Festivalu se stal turnaj špičkové, světové úrovně,"" říká s velkou radostí matematik a sociální inovátor Karel Janeček, který již řadu let náš svátek královské hry podporuje. Vřele děkujeme za přízeň vaší i Janeček Foundation. Bez vás bychom přicházeli o nejednoho pěšce! 🙏 💯

🇬🇧 “I’m thrilled. The Prague International Chess Festival has become a tournament of top, world-class level,” says mathematician and social innovator Karel Janeček, who has been supporting our celebration of the royal game for many years. Our heartfelt thanks go to you and the Janeček Foundation for your continued support. Without you, we would be missing more pawns, that you can imagine! 🙏 💯","""Jsem nadšen. Z @[100057410770738:2048:Prague International Chess Festival]u se stal turnaj špičkové, světové úrovně,"" říká s velkou radostí matematik a sociální inovátor @[100044490217012:2048:Karel Janeček], který již řadu let náš svátek královské hry podporuje. Vřele děkujeme za přízeň vaší i @[61572131504004:2048:Janeček Foundation]. Bez vás bychom přicházeli o nejednoho pěšce! 🙏 💯

🇬🇧 “I’m thrilled. The Prague International Chess Festival has become a tournament of top, world-class level,” says mathematician and social innovator Karel Janeček, who has been supporting our celebration of the royal game for many years. Our heartfelt thanks go to you and the Janeček Foundation for your continued support. Without you, we would be missing more pawns, that you can imagine! 🙏 💯",114,"03/04/2026 22:21",N/A,https://www.facebook.com/reel/1897065397581804/,1,0,Videa,,,,,Dlouhodobě,1058,1031,,13,12,0,1,37,37,,,,13689.236,14.409,0,0,0
1440842614506084,100057410770738,"Prague International Chess Festival","Traditional roundup of the most interesting moments from yesterday. Tune in for the penultimate round! ♟️

Tradiční přehled toho nejzajímavějšího ze včerejšího dne. Nalaďte se na předposlední kolo!","Traditional roundup of the most interesting moments from yesterday. Tune in for the penultimate round! ♟️

Tradiční přehled toho nejzajímavějšího ze včerejšího dne. Nalaďte se na předposlední kolo!",113,"03/05/2026 01:25",N/A,https://www.facebook.com/reel/1971580513450460/,0,0,Videa,,,,,Dlouhodobě,436,383,,12,11,0,1,4,4,,,,4757.009,12.292,0,0,0
1440864584503887,100057410770738,"Prague International Chess Festival","The only win in yesterday’s Masters was secured by world number four Vincent Keymer. Listen to his immediate reactions after his victory over Guijarro.

Jedinou včerejší výhru v Masters obstarala světová čtyřka Vincent Keymer, poslechněte si jeho bezprostřední dojmy po vítězství nad Guijarrem","The only win in yesterday’s Masters was secured by world number four Vincent Keymer. Listen to his immediate reactions after his victory over Guijarro.

Jedinou včerejší výhru v Masters obstarala světová čtyřka Vincent Keymer, poslechněte si jeho bezprostřední dojmy po vítězství nad Guijarrem",130,"03/05/2026 02:08",N/A,https://www.facebook.com/reel/4223879427864184/,0,0,Videa,,,,,Dlouhodobě,435,429,,5,5,0,0,5,5,,,,2426.813,6.036,0,0,0
1440885531168459,100057410770738,"Prague International Chess Festival","Prague International Chess Festival přidal(a) fotky do alba: PICF2026 - Round 7 (Petr Vrabec)",,0,"03/05/2026 02:50",N/A,https://www.facebook.com/PragueChessFestival/posts/pfbid02NMxb1xbMDVmjVFmeX7g2CA5KwVyYcGPqP6Sem1pyn7fT8JzSMxTcTwxjzrQXWJbPl,0,0,Fotky,,,,,Dlouhodobě,862,453,,14,14,0,0,98,23,75,,,,,,,
1440927221164290,100057410770738,"Prague International Chess Festival","So, who will lead the Challengers category after round eight? 🤔♟️ We find out tonight! ⏰

Kdo bude v čele Challengers po osmi kolech? To zjistíme dnes večer! 💥",,0,"03/05/2026 04:11",N/A,https://www.facebook.com/PragueChessFestival/posts/pfbid02mEXyNzzqxaaFBANeYLCeayo7Pmo84TVRNpeF8WB9uxv88WFbu5MdQifZxFkCVZbYl,0,0,Fotky,,,,,Dlouhodobě,723,478,,6,5,0,1,16,9,7,,,,,,,
1440928561164156,100057410770738,"Prague International Chess Festival","We can almost see the chequered flag! 🏁♟️ The penultimate round is here. 🤩 Come to @hotelgiovanniprg and watch the games. 👀

Blížíme se do cíle! 💥 Předposlední kolo je tady! Přijďte se podívat na další skvělé partie do Hotelu Don Giovanni v Praze. 🍿",,0,"03/05/2026 04:13",N/A,https://www.facebook.com/PragueChessFestival/posts/pfbid0AKZYtMbsZehoAk2dHbQSkmDLbaALtvoTj17h99ve87e7AHRG8wD4AiGZpLyLXB6Kl,0,0,Fotky,,,,,Dlouhodobě,487,303,,1,1,0,0,4,2,2,,,,,,,
1440993871157625,100057410770738,"Prague International Chess Festival","Our ambassador and world champion in beach volleyball Ondřej Perušič came by yesterday. ✨ And he won his game in @karel252 Open tournament! 🔥

Ambasador festivalu a mistr světa v plážovém volejbale Ondřej Perušič si přišel zahrát 8. kolo turnaje Karel Janeček Open. A vyhrál! 💪",,0,"03/05/2026 05:43",N/A,https://www.facebook.com/PragueChessFestival/posts/pfbid02GR5FZAnBGHuW5xa3UFBD3b8RpawWHbp8DomFZenP6ZYfoQhNNVkX9LDxPBeLmyARl,0,0,Fotky,,,,,Dlouhodobě,2120,1299,,20,19,0,1,149,28,121,,,,,,,
1441071411149871,100057410770738,"Prague International Chess Festival","ROUND 8 - LET'S GO CHESS! ♟️

#chess #prague #festival","ROUND 8 - LET'S GO CHESS! ♟️

#chess #prague #festival",25,"03/05/2026 07:56",N/A,https://www.facebook.com/reel/2322660154896048/,1,0,Videa,,,,,Dlouhodobě,1595,1386,,27,23,1,3,38,38,,,,9616.397,7.219,0,0,0
1441077897815889,100057410770738,"Prague International Chess Festival","Current leader of the Masters category - Jorden Van Foreest - spoke to us before the start of the festival. 🗣️Enjoy the interview! 👇

Medailonek aktuálního lídra kategorie Masters - Jordena Van Foreesta - k Vašim službám. 😊","Current leader of the Masters category - Jorden Van Foreest - spoke to us before the start of the festival. 🗣️Enjoy the interview! 👇

Medailonek aktuálního lídra kategorie Masters - Jordena Van Foreesta - k Vašim službám. 😊",133,"03/05/2026 08:08",N/A,https://www.facebook.com/reel/1714895032824772/,0,0,Videa,,,,,Dlouhodobě,523,512,,7,7,0,0,10,10,,,,3990.556,8.365,0,0,0
1441092827814396,100057410770738,"Prague International Chess Festival",🙏,,0,"03/05/2026 08:34",N/A,https://www.facebook.com/PragueChessFestival/posts/pfbid0Ti7m5zaZ4CTFWkeBvCkL6W54TDfjAcBBgSQpjUWZ6XhHaBZ3fppjiRrmZ8UJitCfl,0,1,Fotky,,,,,Dlouhodobě,889,469,,10,10,0,0,45,13,31,1,,,,,,
1441185974471748,100057410770738,"Prague International Chess Festival","Some 📸 from penultimate round! 🤩

Uzijtesi výběr fotek z osmého kola. 😍",,0,"03/05/2026 11:17",N/A,https://www.facebook.com/PragueChessFestival/posts/pfbid0pBzgRBC56KKWwqQpLwwrGyoDQUmmVC9naMwHiJqwcjCf444Eu5XiwffBDqmcE63Xl,0,0,Fotky,,,,,Dlouhodobě,2657,1560,,27,25,0,2,285,53,232,,,,,,,
1441242587799420,100057410770738,"Prague International Chess Festival","We have a new leader! 👀 After beating David Navara, Nodirbek Abdusattorov climbs to the highest position in the Masters category! 🔥

Po osmi kolech máme nového lídra! 💥 Je jím Nodirbek Abdusattorov! 🤩",,0,"03/05/2026 13:09",N/A,https://www.facebook.com/PragueChessFestival/posts/pfbid02SaorhaMATfyGh45p4xcqcKN1wjfXuFXccfuGnUsXARq7XVM9ZJq6hcXX8Jh3GZeJl,0,0,Fotky,,,,,Dlouhodobě,781,463,,8,7,1,0,6,4,2,,,,,,,
1441243481132664,100057410770738,"Prague International Chess Festival","Two wins today in Challengers! ♟️💥Congrats Daniel Yuffa and Benjamin Gledura! 🔥

Daniel Yuffa a Benjamin Gledura dokázali v osmém kole zvítězit! ✨",,0,"03/05/2026 13:11",N/A,https://www.facebook.com/PragueChessFestival/posts/pfbid0FfVyHXYGGqnRbCDo8Ti3nvbWVg53TAsEx3KKrBrhKYAp5VpZktrCrqEMgUBXPSR8l,0,0,Fotky,,,,,Dlouhodobě,3124,2181,,11,11,0,0,105,64,41,,,,,,,
1441244194465926,100057410770738,"Prague International Chess Festival","Will Nodirbek Abdusattorov repeat his triumph from two years ago? He's very close! ♟️

Zopakuje Nodirbek Abdusattorov titulovou jízdu z roku 2024? Před posledním kolem je blízko! 🔥",,0,"03/05/2026 13:13",N/A,https://www.facebook.com/PragueChessFestival/posts/pfbid02sFgNCvtKxRxtS38CZBVWSDi7R2WCTfbFpmpx9MqaiN792i6KqZGSozHPepZA7TA6l,0,0,Fotky,,,,,Dlouhodobě,2268,1301,,34,33,0,1,51,42,9,,,,,,,
1441244557799223,100057410770738,"Prague International Chess Festival","Four players in contention for the title! That's what we like to see! 😎

Pred posledním kolem jsou ve hře o titul čtyři šachisté! To se nám líbí. 😊",,0,"03/05/2026 13:14",N/A,https://www.facebook.com/PragueChessFestival/posts/pfbid02fGmwRMWNjumagzuzwaewebEr1ngBG3dsfvZiRdTUXVwwfBnp7NS8KfpuXis9ipa3l,0,0,Fotky,,,,,Dlouhodobě,820,495,,5,5,0,0,10,8,2,,,,,,,
1441258477797831,100057410770738,"Prague International Chess Festival","Round 8 Recap","There you go, the best moments of round eight! ♟️✨

Užijte si výběr toho nejlepšího z osmého kola! 😊",86,"03/05/2026 13:46",N/A,https://www.facebook.com/reel/1652525595759387/,0,0,Videa,,,,,Dlouhodobě,724,700,,15,13,0,2,9,9,,,,6249.901,9.889,0,0,0
1441280584462287,100057410770738,"Prague International Chess Festival","Today we welcomed sports influencer Matěj König to the Prague International Chess Festival, where he made the ceremonial first move of Round 8. ♟️❤️

Dnes nás na Pražském šachovém festivalu navštívil sportovní influencer Matěj König, který se ujal úvodního tahu 8. kola. Díky za návštěvu! ♟️❤️",,0,"03/05/2026 14:37",N/A,https://www.facebook.com/PragueChessFestival/posts/pfbid02HpYZ8Mp3q1jLTm88SsJJwQjo8Rd1TXdqKFuiQswqBcTWZtQoYXKuWc76p8iaU8gNl,0,0,Fotky,,,,,Dlouhodobě,1585,995,,8,8,0,0,44,15,29,,,,,,,
1441503251106687,100057410770738,"Prague International Chess Festival","☕ Ready for the final day? The royal game is beautiful, but sometimes you need something to give it an extra boost. We're very glad that Grupa Mokate, one of our partners, was there for exactly that. Thank you for the hot drinks and snacks during this year’s Prague International Chess Festival! 🙏

🇨🇿 ☕ Připraveni na finálový den? Královská hra je krásná, ale někdy potřebujete něco, co jí dodá trochu energie navíc. Jsme moc rádi, že tu s námi byl jeden z našich partnerů, Grupa Mokate. Děkujeme za horké nápoje a občerstvení během letošního Pražského šachového festivalu! 🙏

📸 Petr Vrabec",,0,"03/05/2026 22:10",N/A,https://www.facebook.com/PragueChessFestival/posts/pfbid02SRJnPwgmh6wFocJteVExGcSSJEVMWApmP9kNWJ6Ft5bsBMmm8UV63V621wvKxAa3l,0,0,Fotky,,,,,Dlouhodobě,1191,695,,19,18,0,1,43,8,35,,,,,,,
1441580004432345,100057410770738,"Prague International Chess Festival","Everything has been building toward this moment. Will Nodirbek Abdusattorov become the first two-time Prague champion in history? We start at 11:00! ♟️

Vše spělo k tomuto okamžiku. Stane se Abdusattorov prvním dvojnásobným pražským šampionem v historii? Startujeme už v 11:00! ♟️",,0,"03/06/2026 00:30",N/A,https://www.facebook.com/PragueChessFestival/posts/pfbid0fizCmDYSyq2WkUQ44sitqLMXzftg3LYcZbYr4hvAeHwadDKsBCMqvLAYRC51q4adl,0,0,Fotky,,,,,Dlouhodobě,825,492,,5,5,0,0,7,2,5,,,,,,,
1441585251098487,100057410770738,"Prague International Chess Festival","In the Challengers category, the home player Václav Finěk will defend his first place! From second place, Daniil Yuffa will challenge another Czech player Jáchym Němec. ♟️

V kategorii Challengers bude hájit prvenství domácí borec Václav Finěk! Daniil Yuffa z druhého místa vyzve jiného Čecha Jáchyma Němce. ♟️",,0,"03/06/2026 00:40",N/A,https://www.facebook.com/PragueChessFestival/posts/pfbid0QFiXe6e7VjzGQZyLaTZ25Ksc4BqS82hUxoNuGLQNCJ7xaaxFxUG2uexBgpYW85F7l,0,0,Fotky,,,,,Dlouhodobě,1249,773,,7,7,0,0,19,14,5,,,,,,,
1441588784431467,100057410770738,"Prague International Chess Festival","Never satisfied, that’s the mindset of a champion! 💪 American GM Hans Niemann gives honest interview after beating David Anton Guijarro in round eight. ♟️⚡

Rozhovor s Hansem Niemannem po jeho vítězství v osmém kole Masters!","Never satisfied, that’s the mindset of a champion! 💪 American GM Hans Niemann gives honest interview after beating David Anton Guijarro in round eight. ♟️⚡

Rozhovor s Hansem Niemannem po jeho vítězství v osmém kole Masters!",114,"03/06/2026 00:48",N/A,https://www.facebook.com/reel/826631913782690/,0,0,Videa,,,,,Dlouhodobě,958,886,,7,7,0,0,14,14,,,,7190.677,8.41,0,0,0
1441606241096388,100057410770738,"Prague International Chess Festival","Our champion from last year, Aravindh Chithambaram from India, grabbed his third victory in this year's edition! 🔥 He beat Jorden Van Foreest with black pieces. Listen to his interview with Keti Tsatsalashvili. 🗣️👇

Poslechněte si rozhovor s loňským šampionech Aravindhem. 🇮🇳🔥","Our champion from last year, Aravindh Chithambaram from India, grabbed his third victory in this year's edition! 🔥 He beat Jorden Van Foreest with black pieces. Listen to his interview with Keti Tsatsalashvili. 🗣️👇

Poslechněte si rozhovor s loňským šampionech Aravindhem. 🇮🇳🔥",69,"03/06/2026 01:22",mixed,https://www.facebook.com/reel/812263067849084/,0,0,Videa,,,,,Dlouhodobě,790,702,,5,5,0,0,5,5,,,,4691.269,7.001,0,0,0
1441638991093113,100057410770738,"Prague International Chess Festival","Final round. Who will take the crown? 👑💯

🇨🇿 Je tu finále. Kdo bude korunován vítězem? 👑💯",,0,"03/06/2026 02:26",N/A,https://www.facebook.com/PragueChessFestival/posts/pfbid02498h3yfPDmUv4Ax6UdJSrAULc38xVkrDTheDerJTYEkYc7vn92irahZQn5R3uMhAl,0,0,Fotky,,,,,Dlouhodobě,1370,772,,8,8,0,0,32,24,8,,,,,,,
1441671697756509,100057410770738,"Prague International Chess Festival","🏆 Name on the trophy. The incredible work of AJETO Sklárna & krčma will be on display once again tonight. These extraordinary gentlemen know its worth. Will history repeat itself, or should we welcome a new holder?

🇨🇿 🏆 Jedno jméno na trofeji. Úžasná práce AJETO Sklárna & krčma bude dnes večer opět k vidění. Tito mimořádní velmistři dobře vědí, jakou má hodnotu. Bude se historie opakovat, nebo přivítáme nového držitele trofeje?",,0,"03/06/2026 03:30",N/A,https://www.facebook.com/PragueChessFestival/posts/pfbid02QWTarEdXPuvpMeugmSZotjCDZgEGZLECCBjRve36vWWa7kKSzEKquPk5KNEsrT7dl,0,0,Fotky,,,,,Dlouhodobě,2060,1059,,16,14,0,2,64,14,50,,,,,,,
1441756804414665,100057410770738,"Prague International Chess Festival","PICF has its first ever two-time Masters champion!♟️🏆
After winning in 2024, Uzbek grandmaster Nodirbek Abdusattorov adds another triumph in 2026.👑

PICF má historicky prvního dvojnásobného šampiona v Masters.♟️🏆
Po vítězství v roce 2024 přidává triumf v roce 2026 uzbecký velmistr Nodirbek Abdusattorov.👑",,0,"03/06/2026 05:38",N/A,https://www.facebook.com/PragueChessFestival/posts/pfbid0iUKnGuhdUJp3tKqiA7gAMuruLQ8R2J8j2hvXQ37u7N73T9iF87ijpGwWh7X4AiC6l,0,0,Fotky,,,,,Dlouhodobě,3145,1867,,89,81,4,4,89,83,6,,,,,,,
1441777161079296,100057410770738,"Prague International Chess Festival","Home fans have something to celebrate! 🇨🇿🎉
The Challengers category was won by 16 years old local star Václav Finěk! ♟️🏆

The young Czech left nothing to chance and defeated Thomas Beerdsen of the Netherlands in the final round. 🔥♟️

See you in the Masters, Václav! 👑🚀

Domácí fanoušci mohou slavit! Kategorii Challengers ovládl domácí borec Václav Finěk! 🇨🇿🎉
Mladý Čech neponechal nic náhodě a v závěrečném kole porazil Nizozemce Thomase Beerdsena. 
Tak na viděnou v Masters, Václave! 👑🚀",,0,"03/06/2026 06:10",N/A,https://www.facebook.com/PragueChessFestival/posts/pfbid0D9vW1NUgm3cewf9gto5tMqAbU3GkAkpSVn2Pdv78sdothkbgpMbEGMP8pmEx2E3Hl,0,0,Fotky,,,,,Dlouhodobě,12837,7532,,326,316,5,5,767,691,76,,1,,,,,
1441810661075946,100057410770738,"Prague International Chess Festival","The trio of champions is complete! 🏆♟️

The Futures category was won by Kaja Rzadkowska! 👑🇵🇱

In the final round, she was greatly helped by her younger sister Lila, who held Jordan from Switzerland to a draw. 🤝♟️Polska górą!

Trio vítězů je kompletní! 🏆♟️
Kategorii Futures opanovala Kaja Rzadkowska! V závěrečném kole jí výrazně pomohla její mladší sestra Lila, která zremizovala partii se Švýcarkou Jordanovou. Gratulace do Polska!!",,0,"03/06/2026 07:05",N/A,https://www.facebook.com/PragueChessFestival/posts/pfbid0rLiM1rjo8WGoaYKzp3Q94uEzoS1hvfewJKtJq7jPqqNHiYPNXv6EFnucjz6HiwyLl,0,0,Fotky,,,,,Dlouhodobě,11968,5180,,520,415,97,8,564,489,74,1,,,,,,
1441904321066580,100057410770738,"Prague International Chess Festival","And with that, the PICF2026 comes to an end. Thank you all kindly and we are looking forward to the next year´s Prague International Chess Festival 🤝

PICF2026 je oficiálně za námi. Všem mnohokrát děkujeme a těšíme se na vás za rok na dalším Pražském mezinárodním šachovém festivalu. 🤝",,0,"03/06/2026 09:46",N/A,https://www.facebook.com/PragueChessFestival/posts/pfbid02hgg2nyKfyvRVuWpsa2uPqveW7jqAfZfoVUAQFq1V8beKTbzb363tJ32sQeHqF379l,0,0,Fotky,,,,,Dlouhodobě,1460,801,,35,34,0,1,18,15,3,,,,,,,
1441961947727484,100057410770738,"Prague International Chess Festival","Prague International Chess Festival přidal(a) fotky do alba: PICF2026 Round 9 and award ceremony",,0,"03/06/2026 11:37",N/A,https://www.facebook.com/PragueChessFestival/posts/pfbid02frrBRMLxZ35vRs3hTejCrUyyH2qpTnKqgrFszQg8oH4mjHWmsh7mqPizy3wC1EXTl,0,0,Fotky,,,,,Dlouhodobě,2024,876,,15,13,0,2,85,29,56,,,,,,,
1441972097726469,100057410770738,"Prague International Chess Festival","📣 Ladies and gentleman, winner of Prague Masters 2026: Nodirbek Abdusattorov 👏👏",,0,"03/06/2026 11:59",N/A,https://www.facebook.com/PragueChessFestival/posts/pfbid03422uhahsSrtScndmhGiCjDyod3MyaULWC33AS5dkQe6ScxW9vzXvkJ6ThuaDFr7Xl,0,0,Fotky,,,,,Dlouhodobě,9525,6561,,338,307,24,7,246,169,77,,,,,,,
1442464541010558,100057410770738,"Prague International Chess Festival","🚗 Safe travels on your next journey, friends! The arrivals and departures of our players were covered brilliantly, as always, by AutoTechnologi. And as a bonus, they were the first to introduce Gukesh’s geeky look. Thank you for being our transportation partner! 🤝

🇨🇿 🚗 Šťastnou cestu za dalším dobrodružstvím, přátelé! Příjezdy a odjezdy našich hráčů jako vždy skvěle zajišťovala společnost Autotechnologi. A navíc byla první, kdo představil Gukeshův „geekovský“ look. Děkujeme, že jste naším dopravním partnerem! 🤝",,0,"03/07/2026 04:09",N/A,https://www.facebook.com/PragueChessFestival/posts/pfbid02tL3Bneqe4GLJJBpn13yrUBnKzLk4WomgfN3Y8db9bDL2MNz9UhUPcumEb3cphbhHl,0,0,Fotky,,,,,Dlouhodobě,1422,825,,6,6,0,0,101,17,84,,,,,,,
1442648184325527,100057410770738,"Prague International Chess Festival","Proč stojí za to přijít na Pražský šachový festival osobně? A v čem jsou šachy divácky atraktivní? To prozradil Matěj König. 🔥💯♟️

INTERVIEW, only in Czech language: Why is it worth coming to see the Prague International Chess Festival in person? And what makes chess attractive for spectators? Matěj König shares his thoughts. 🔥💯♟️","Proč stojí za to přijít na Pražský šachový festival osobně? A v čem jsou šachy divácky atraktivní? To prozradil Matěj König. 🔥💯♟️

INTERVIEW, only in Czech language: Why is it worth coming to see the Prague International Chess Festival in person? And what makes chess attractive for spectators? Matěj König shares his thoughts. 🔥💯♟️",155,"03/07/2026 08:53",N/A,https://www.facebook.com/reel/907630832007539/,0,0,Videa,,,,,Dlouhodobě,660,612,,7,7,0,0,14,14,,,,6728.025,11.461,0,0,0
1442812550975757,100057410770738,"Prague International Chess Festival","🏆 Prague International Chess Festival has its first ever two-time Masters champion! After winning in 2024, Uzbek grandmaster Nodirbek Abdusattorov adds another triumph! Let's hear the winner! 💬

🇨🇿 🏆 Pražský šachový festival má svého prvního dvojnásobného vítěze turnaje Masters! Po triumfu v roce 2024 přidává uzbecký velmistr Nodirbek Abdusattorov další vítězství. Pojďme si poslechnout, co měl po svém prvenství na srdci! 💬","🏆 @[100057410770738:2048:Prague International Chess Festival] has its first ever two-time Masters champion! After winning in 2024, Uzbek grandmaster Nodirbek Abdusattorov adds another triumph! Let's hear the winner! 💬

🇨🇿 🏆 Pražský šachový festival má svého prvního dvojnásobného vítěze turnaje Masters! Po triumfu v roce 2024 přidává uzbecký velmistr Nodirbek Abdusattorov další vítězství. Pojďme si poslechnout, co měl po svém prvenství na srdci! 💬",122,"03/07/2026 14:21",N/A,https://www.facebook.com/reel/1559180908476121/,0,0,Videa,,,,,Dlouhodobě,650,645,,24,24,0,0,14,14,,,,6292.757,10.629,0,0,0
1443060770950935,100057410770738,"Prague International Chess Festival","🔎 6 Brilliant Moves in One Game. And it happens to be our beloved David Navara. Last year we hung out with GothamChess in Prague, and now Levy is spreading some love for the Czech legend. Take a peek and check the full video 🤝 https://www.youtube.com/watch?v=jTeJonyDjoA

🇨🇿 🔎 6 brilantních tahů v jedné partii. A jejich autorem není nikdo jiný než náš David Navara. Loni jsme se s GothamChess potkali v Praze a teď Levy šíří trochu lásky k české legendě. Mrkněte na ukázku a celé video najdete zde 🤝 https://www.youtube.com/watch?v=jTeJonyDjoA","🔎 6 Brilliant Moves in One Game. And it happens to be our beloved David Navara. Last year we hung out with @[61551712813287:2048:GothamChess] in Prague, and now Levy is spreading some love for the Czech legend. Take a peek and check the full video 🤝 https://www.youtube.com/watch?v=jTeJonyDjoA

🇨🇿 🔎 6 brilantních tahů v jedné partii. A jejich autorem není nikdo jiný než náš David Navara. Loni jsme se s GothamChess potkali v Praze a teď Levy šíří trochu lásky k české legendě. Mrkněte na ukázku a celé video najdete zde 🤝 https://www.youtube.com/watch?v=jTeJonyDjoA",55,"03/07/2026 22:43",mixed,https://www.facebook.com/reel/934060109006459/,1,0,Videa,,,,,Dlouhodobě,949,835,,19,19,0,0,50,33,,17,,8430.718,10.499,0,0,0
1443111344279211,100057410770738,"Prague International Chess Festival","💐 Happy International Women’s Day to our brilliant players and friends! We will always strive to do more for women behind every kind of chessboard. You are our heroines, and we can’t wait to see your next moves in the world! Thank you FIDE Commission for Women's Chess  and European Chess Union for helping move the pieces in this endeavor.

🇨🇿 💐 Krásný Mezinárodní den žen našim skvělým hráčkám a přítelkyním festivalu! Budeme se vždy snažit dělat ještě více pro ženy v našem sportu. U každé partie, u každé šachovnice. Jste naše hrdinky a už se nemůžeme dočkat vašich dalších tahů ve světě! Děkujeme FIDE Commission for Women's Chess a European Chess Union za pomoc při každém tahu s cílem být ještě lepší.

📸 Petr Vrabec",,0,"03/08/2026 00:09",N/A,https://www.facebook.com/PragueChessFestival/posts/pfbid02wdhfB6m1WEkNx9jeGdWVFeYpUkHh2pV4y85Tgd8tFtDLnNJDVt4xvST1DYK2kGHRl,0,0,Fotky,,,,,Dlouhodobě,2496,1466,,42,36,2,4,260,75,185,,,,,,,
1443218177601861,100057410770738,"Prague International Chess Festival","One more look back at Prague International Chess Festival 2026 – here’s what the final day looked like.♟️

Pojďme se ještě jednou ohlédnout za Prague International Chess Festival 2026 a jeho napínavým závěrečným dnem.♟️","One more look back at Prague International Chess Festival 2026 – here’s what the final day looked like.♟️

Pojďme se ještě jednou ohlédnout za Prague International Chess Festival 2026 a jeho napínavým závěrečným dnem.♟️",211,"03/08/2026 04:31",N/A,https://www.facebook.com/reel/927646256578431/,0,0,Videa,,,,,Dlouhodobě,801,656,,21,18,0,3,14,14,,,,10405.246,14.801,0,0,0
1444771077446571,100057410770738,"Prague International Chess Festival","🚶‍♀️‍➡️ The Prague International Chess Festival's home . Our dear commentator and interviewer Keti Tsatsalashvili took us along as she explored the City of a Hundred Spires. Now we invite you to join the journey! 😎

🇨🇿 🚶‍♀️‍➡️ Domov našeho festivalu. Naše milá komentátorka a moderátorka Keti Tsatsalashvili nás vzala s sebou při objevování stověžatého města. Teď zveme na procházku i vás! 😎","🚶‍♀️‍➡️ The @[100057410770738:2048:Prague International Chess Festival]'s home . Our dear commentator and interviewer Keti Tsatsalashvili took us along as she explored the City of a Hundred Spires. Now we invite you to join the journey! 😎

🇨🇿 🚶‍♀️‍➡️ Domov našeho festivalu. Naše milá komentátorka a moderátorka Keti Tsatsalashvili nás vzala s sebou při objevování stověžatého města. Teď zveme na procházku i vás! 😎",586,"03/10/2026 05:14",mixed,https://www.facebook.com/reel/1555819368846799/,0,0,Videa,,,,,Dlouhodobě,423,374,,7,7,0,0,13,13,,,,9657.711,26.243,0,0,0
1444999930757019,100057410770738,"Prague International Chess Festival","🙏 “Thank you for your support, I hope you liked my games.” Ever-humble David Navara remains a local hero. In his final interview, he praised Challengers winner Václav Finěk and also expressed his appreciation for the love from the fans. 👏

🇨🇿 🙏 „Děkuji za vaši podporu, doufám, že se vám mé partie líbily.“ Vždy skromný David Navara zůstává naším hrdinou. Ve svém závěrečném rozhovoru vyzdvihl vítěze turnaje Challengers Václava Fiňka a také poděkoval fanouškům za jejich podporu. 👏","🙏 “Thank you for your support, I hope you liked my games.” Ever-humble David Navara remains a local hero. In his final interview, he praised Challengers winner Václav Finěk and also expressed his appreciation for the love from the fans. 👏

🇨🇿 🙏 „Děkuji za vaši podporu, doufám, že se vám mé partie líbily.“ Vždy skromný David Navara zůstává naším hrdinou. Ve svém závěrečném rozhovoru vyzdvihl vítěze turnaje Challengers Václava Fiňka a také poděkoval fanouškům za jejich podporu. 👏",96,"03/10/2026 11:48",mixed,https://www.facebook.com/reel/4324038481140830/,1,0,Videa,,,,,Dlouhodobě,1007,942,,28,26,2,0,51,51,,,,11212.136,12.307,0,0,0
1445674780689534,100057410770738,"Prague International Chess Festival","👱‍♀️ 🫶 “She helped me win this tournament!” Send some love for our Futures winner Kaja Rzadkowska, who also praised her sister Lila for her contribution on the final day of the festival. Congratulations again!

🇨🇿 👱‍♀️ „Pomohla mi vyhrát tento turnaj!“ Připojte se s námi k oslavě naší vítězky turnaje Futures Kaji Rzadkowské, která v rozhovoru vyzdvihla svou sestru Lilu za její podporu v poslední den festivalu. Ještě jednou gratulujeme!

Chess Sisters Kaja&Lila","👱‍♀️ 🫶 “She helped me win this tournament!” Send some love for our Futures winner Kaja Rzadkowska, who also praised her sister Lila for her contribution on the final day of the festival. Congratulations again!

🇨🇿 👱‍♀️ „Pomohla mi vyhrát tento turnaj!“ Připojte se s námi k oslavě naší vítězky turnaje Futures Kaji Rzadkowské, která v rozhovoru vyzdvihla svou sestru Lilu za její podporu v poslední den festivalu. Ještě jednou gratulujeme!

Chess Sisters Kaja&Lila",130,"03/11/2026 09:25",mixed,https://www.facebook.com/reel/2117263502182704/,0,0,Videa,,,,,Dlouhodobě,903,690,,39,36,2,1,41,41,,,,16274.141,21.107,0,0,0
1393726489217697,100057410770738,"Prague International Chess Festival","PICF2026 - Gukesh D is returning to Prague","👑 We have our first Master and what a Master it is! A reigning World Chess Champion is coming to the 8th edition of the Prague International Chess Festival! 

The Indian prodigy Gukesh Dommaraju returns to the capital after shattering records and conquering the biggest stages in world chess. 🔥♟️

🇨🇿 👑 Máme pro vás prvního Mastera - a jakého! Na 8. ročník Pražského šachového festivalu míří úřadující mistr světa v šachu!

Indický šampion Gukesh Dommaraju se vrací do metropole poté, co překonal mnohé rekordy a ovládl ta nejvýznamější šachová klání. 🔥♟️",20,"01/07/2026 23:01",N/A,https://www.facebook.com/reel/1393862652384556/,1,0,Videa,,,,,Dlouhodobě,1985,847,,98,84,7,7,12,12,,,,11017.333,6.726,0,0,0
1392519219338424,100057410770738,"Prague International Chess Festival","✨ Welcome to the New Year, chess fans! A new year means new challenges, new battles… and new stars coming to Prague. Our next player reveal is happening very soon. Until then 👇

Who would you love to see play at the Prague International Chess Festival this year? Your move! 👀 💬

🇨🇿 ✨ Vítejte v novém roce, šachoví fanoušci! Nový rok znamená nové výzvy, nové bitvy… a nové hvězdy mířící do Prahy. Odhalení dalšího hráče proběhne už velmi brzy. Do té doby 👇

Koho byste letos nejraději viděli hrát na Pražském šachovém festivalu? Dejte nám vědět, jste na tahu! 💬 ♟️",,0,"01/06/2026 08:10",N/A,https://www.facebook.com/PragueChessFestival/posts/pfbid02X2sWqF9WMZCP2emuN5LsVCjdgvoHrChXpwx1eT3x4L8DEFaZENWRtc1yDEdKj26il,0,0,Fotky,,,,,Dlouhodobě,1349,731,,18,12,3,3,76,72,3,1,,,,,,
1434278128495866,100057410770738,"Prague International Chess Festival","PICF2026 - Opening ceremony","📹 From sharp questions to sharper signatures and then straight to the first ceremonial move ♟️✨ 
The @[100057410770738:2048:Prague International Chess Festival] is officially underway and this is just the beginning. Enjoy the highlights!👇

🇨🇿 📹 Od ostrých otázek k ještě ostřejším podpisům a pak rovnou k prvnímu slavnostnímu tahu ♟️✨
Pražský šachový festival je oficiálně zahájen a my teprve začínáme. Užijte si ty nejlepší momenty ze včerejšího dne! 👇",119,"02/25/2026 03:44",N/A,https://www.facebook.com/reel/1452214949710360/,0,0,Videa,,,,,Dlouhodobě,1389,1064,,31,26,0,5,24,24,,,,14855.75,12.762,0,0,1
1434259105164435,100057410770738,"Prague International Chess Festival","♟️🔥 The first challenge lies ahead. The hunt for a spot in the Masters is about to begin. Any favourites? Watch the main tournaments live on our channel! 🔴

🇬🇧 https://www.youtube.com/watch?v=YzoVGgaKL94

♟️🔥 První výzva je před nimi. Honba za místem v Masters právě začíná. Máte své favority? Sledujte hlavní turnaje živě na našem kanálu! 🔴
 
🇨🇿 https://www.youtube.com/watch?v=JtfkCPrwZTk",,0,"02/25/2026 03:13",N/A,https://www.facebook.com/PragueChessFestival/posts/pfbid036hDnfaBcfAQucG8BeYXAvMhS26AeWN1hFn6gVpjxjEucGnLC9yqjNP7cAUMJeHoKl,0,0,Fotky,,,,,Dlouhodobě,1077,616,,11,11,0,0,50,15,22,13,,,,,,
1434229528500726,100057410770738,"Prague International Chess Festival","✊ We are so ready, dear Masters. What’s your main course for this fine afternoon? See you at the Don Giovanni Hotel Prague! ♟️

🇨🇿 ✊ Jsme připraveni. Jaký je váš hlavní Masters chod na dnešní šachové odpoledne? Uvidíme se v hotelu Don Giovanni! ♟️",,0,"02/25/2026 02:25",N/A,https://www.facebook.com/PragueChessFestival/posts/pfbid02PtxySNLmg94GGJVb7qWyBpw3HU7YMyVkvdtjEeh9fN2XrqVzgVnZh1chbT72r7t8l,0,0,Fotky,,,,,Dlouhodobě,1609,956,,23,20,2,1,69,42,26,1,,,,,,
1434086775181668,100057410770738,"Prague International Chess Festival","Aravindh Chithambaram is seeking comeback in Prague","♟️🔝 “This place has been lucky for me.” Reigning champion Aravindh Chithambaram is looking for a comeback and Prague is ready for it!

🇨🇿 🔝 „Toto místo mi přineslo štěstí.“ Úřadující šampion Aravindh Chithambaram usiluje o comeback a Praha je na něj připravena!",132,"02/24/2026 22:29",uploaded,https://www.facebook.com/reel/3027725764085769/,1,0,Videa,,,,,Dlouhodobě,592,508,,9,9,0,0,3,3,,,,3012.804,5.782,0,0,0
1433819211875091,100057410770738,"Prague International Chess Festival","The grand opening of PICF is behind us! ♟️✨ Round 1 starts tomorrow. Join us at the Don Giovanni Hotel Prague or tune in to the live broadcast. We look forward to seeing you!

Velkolepé zahájení PICF je za námi! ♟️✨ Zítra startuje 1. kolo. Přijďte se podívat do hotelu Don Giovanni Prague a nebo sledujte živý přenos. Těšíme se na vás!",,0,"02/24/2026 14:38",N/A,https://www.facebook.com/PragueChessFestival/posts/pfbid029VqRhLF6bUzs8pYfx3FzR5oiwtHvF1GnSfgPpPh42yBcKC2bssYQxNsb13N7kEszl,0,0,Fotky,,,,,Dlouhodobě,1418,849,,18,18,0,0,41,29,12,,,,,,,
1433789368544742,100057410770738,"Prague International Chess Festival","Prague International Chess Festival přidal(a) fotky do alba: PICF 2026 - Opening ceremony",,0,"02/24/2026 13:41",N/A,https://www.facebook.com/PragueChessFestival/posts/pfbid0KBcYK5VwZLBJnD1MGnZwRSpJa3MhPCSWNoczjZHXP9S8fKtm4sFHsqPyipxzDwtfl,0,0,Fotky,,,,,Dlouhodobě,4726,2457,,46,41,0,5,442,116,326,,,,,,,
1433760415214304,100057410770738,"Prague International Chess Festival","💯 Ladies and gentlemen, #PICF class of 2026! Good luck to you all! 🤞

🇨🇿 💯 Dámy a pánové, představujeme Prague International Chess Festival, ročník 2026! Hodně štěstí vám všem!🤞",,0,"02/24/2026 12:47",N/A,https://www.facebook.com/PragueChessFestival/posts/pfbid02rqDWTXpp17JkyWVFYgcGP2bu7DYUkroyEZJsvWsstrs1Jyq2uRThqf2duhTqfjVkl,0,0,Fotky,,,,,Dlouhodobě,4518,2470,,71,68,1,2,412,88,324,,,,,,,
1433579145232431,100057410770738,"Prague International Chess Festival","Prague International Chess Festival přidal(a) fotky do alba: PICF 2026 - Press conference + signing session",,0,"02/24/2026 07:46",N/A,https://www.facebook.com/PragueChessFestival/posts/pfbid0EJm2HQNkvJbwskzem4jyiauGKFvgFZFTia2uGPS5i145EGVuRae2TxtmKci6t7iJl,0,0,Fotky,,,,,Dlouhodobě,2451,1331,,46,45,0,1,215,52,163,,,,,,,
1433542971902715,100057410770738,"Prague International Chess Festival","Gukesh Dommaraju ahead of Prague International Chess Festival 2026","🗨 ""More pressure, but it's a challenge which is pretty interesting to face."" The World Champion sat down with us ahead of the start of the @[100057410770738:2048:Prague International Chess Festival]. Will the second time be the charm in Prague for Gukesh Dommaraju?

🇨🇿 🗨 „Cítím větší tlak, ale je to výzva, které je hodně zajímavé čelit.“ Ještě před startem Pražského šachového festivalu jsme mluvili s úřadujícím mistrem světa. Vyjde to v Praze Gukeshovi napodruhé?",695,"02/24/2026 06:54",uploaded,https://www.facebook.com/reel/2378897745879104/,0,0,Videa,,,,,Dlouhodobě,1108,804,,28,26,0,2,24,24,,,,14884.945,15.586,0,0,0
1432797738643905,100057410770738,"Prague International Chess Festival","👑 A true queen’s move. We are truly honored that the FUTURES tournament is held under the patronage of the First Lady of the Czech Republic, Eva Pavlová. Thank you for supporting the young talents of the royal game! ♟️

🇨🇿 👑 Skutečný tah královnou. Je nám velkou ctí, že záštitu nad turnajem FUTURES převzala první dáma České republiky, Eva Pavlová. Děkujeme za podporu mladých talentů královské hry! ♟️",,0,"02/23/2026 09:47",N/A,https://www.facebook.com/PragueChessFestival/posts/pfbid02C2wbmZWcwwCp9Y9cM3k6khHzw7LPp6259Ddrn3dNnUJH9R7F2H7niXwZdMVoujKel,0,0,Fotky,,,,,Dlouhodobě,2452,1516,,56,55,0,1,82,62,20,,,,,,,
1432678771989135,100057410770738,"Prague International Chess Festival","🔝 The World Champion has arrived.
For the first time in 95 years, a reigning World Chess Champion will play a classical game on the territory of the former Czechoslovakia. Witness history in the making from February 25. ♟️✨

🇨🇿 🔝 Mistr světa je tady. 
Po 95 letech se na území bývalého Československa představí úřadující mistr světa v šachu. Nová historie se začne psát od 25. února. ♟️✨",,0,"02/23/2026 06:39",N/A,https://www.facebook.com/PragueChessFestival/posts/pfbid0uKNhEGyUtAyrfswMiJn5aeFMayKrJJNYqVQE9wms4owZX7yCzPiQn4Hhr4Fa3LSil,0,0,Fotky,,,,,Dlouhodobě,8556,5685,,169,159,8,2,762,534,228,,,,,,,
1432503132006699,100057410770738,"Prague International Chess Festival","🎤 Toucan on e4! The opening ceremony is just around the corner, and it’s time to introduce our host. Tomorrow’s event will be guided by the kind words and sharp wit of Mikolas Tucek, a renowned Czech journalist and podcaster.

We can’t wait for the draw and also the pairings, as the Masters and Futures take the stage together. Let the festival begin! ✨

🇨🇿 🎤 Tukan na e4! Zahajovací ceremoniál je za dveřmi a je čas představit našeho moderátora. Zítřejším večerem v Don Giovanni Hotel Prague hosty provede svými milými slovy a bystrým humorem Mikoláš Tuček, uznávaný český novinář a podcaster.

Nemůžeme se dočkat losu ani našeho oblíbeného párování kategorie Masters a Futures. Odpočítáváme poslední hodiny! ✨",,0,"02/23/2026 02:02",N/A,https://www.facebook.com/PragueChessFestival/posts/pfbid0qdYMhTCm8o5tWcAkxwBWcu7PMQEfwjh8NHRFff9SDayP47m2LyH7jRjvMPkvdEH8l,0,0,Fotky,,,,,Dlouhodobě,2137,1422,,19,18,0,1,48,43,5,,,,,,,
1431897218733957,100057410770738,"Prague International Chess Festival","🔴🎙️ We’re going LIVE in some fashion! Join us as we welcome Keti Tsatsalashvili and Alojzije Jankovic, our English-language live stream commentators for the Prague International Chess Festival!

Can’t make it to the venue? Tune in from anywhere in the world and enjoy top-level chess, expert insights, and live commentary from every critical move! Streams will be available on our website or YouTube channel! 🔝

🔴🎙️ Budeme ŽIVĚ! Připojte se k nám a přivítejte Keti Tsatsalashvili a Alojzije Jankovice, naše anglicky komentující průvodce živým přenosem z Pražského šachového festivalu!

Nemůžete dorazit přímo do Prahy? Sledujte přenos odkudkoli na světě a užijte si špičkový šach, odborné postřehy a živý komentář ke každému klíčovému tahu! Streamy budou dostupné na našem webu nebo na YouTube kanálu! 🔝",,0,"02/22/2026 07:26",N/A,https://www.facebook.com/PragueChessFestival/posts/pfbid031cnoBwn7w9fF6WjvEqHPN8npbKwoNfxFGsgttDgPyx1Lp3W1bjkjyitDKL43SwhNl,0,0,Fotky,,,,,Dlouhodobě,1882,1185,,22,21,0,1,26,21,5,,,,,,,
1431589732098039,100057410770738,"Prague International Chess Festival","🎙️ Analýzy, komentáře a špičkový šach v přímém přenosu! Kdo vás provede naším živým vysíláním? ♟️
Ty nejzajímavější partie budou v českém jazyce komentovat Richard Mládek a Lukáš Vlasák. Sehraná dvojice, která nabídne odborný pohled, souvislosti i napětí z každého tahu.

 🔴 ▶️ Sledujte živě na našem YouTube kanále: https://www.youtube.com/@prague_chess/streams

🇬🇧 🎙️ Analysis, commentary, and top-level chess live on air! Who will guide you through our live broadcast? ♟️
The most exciting games will be commented on in Czech by Richard Mládek and Lukáš Vlasák. A well-coordinated duo bringing expert insight, context, and tension with every move.

🔴 ▶️ Watch live on our YouTube channel: https://www.youtube.com/@prague_chess/streams",,0,"02/21/2026 23:40",N/A,https://www.facebook.com/PragueChessFestival/posts/pfbid0FhMenyNS4Pr56sUdr3sPvbWpYg7bCgC7NS19pyU11hzG8Qq8RRPe7kcheQwYYXNsl,0,0,Fotky,,,,,Dlouhodobě,3766,1977,,65,58,2,5,198,148,15,35,,,,,,
1431069415483404,100057410770738,"Prague International Chess Festival","Are they up for the challenge? We think they are. Ten elite competitors will battle for fame, glory, and a coveted spot in the Masters. Every move counts, but only one will earn promotion. Who will rise to the occasion? ♟️🔥

🇨🇿 Jsou připraveni na výzvu? My si myslíme, že ano. Deset elitních soupeřů se utká o slávu, prestiž a vytoužené místo v Masters. Každý tah se počítá, ale postup si vybojuje jen jeden. Kdo to bude? ♟️🔥",,0,"02/21/2026 08:44",N/A,https://www.facebook.com/PragueChessFestival/posts/pfbid02XkhXt6rHm756XzZkbs36RsRW1koYzetMX28QHCRdr9MuDSrQ2719om4nt9ipetA4l,0,0,Fotky,,,,,Dlouhodobě,1651,996,,10,10,0,0,40,28,12,,,,,,,
1430869142170098,100057410770738,"Prague International Chess Festival","🫶 All about the FUTURES. For the second year in a row, the Prague International Chess Festival proudly presents an all-female group of outstanding young talents. 

Watched closely by our ambassador Pia Cramling, these players represent the next generation of women’s chess! ♟️✨

🇨🇿 🫶 Vsazeno na budoucnost. Naše FUTURES. Už druhým rokem po sobě Pražský šachový festival s hrdostí představuje ryze ženskou skupinu výjimečných mladých talentů.

Pod bedlivým dohledem naší ambasadorky Piy Cramling tyto hráčky představují nastupující generaci ženského šachu! ♟️✨",,0,"02/21/2026 04:15",N/A,https://www.facebook.com/PragueChessFestival/posts/pfbid038E1UtLnPRUmgzhv7YKg2jujZQBumD6waQzWLx1BK2Hz5kSDiAiQx9pdTQKjGYU1yl,0,0,Fotky,,,,,Dlouhodobě,2947,1845,,29,22,4,3,100,84,16,,,,,,,
1430746288849050,100057410770738,"Prague International Chess Festival","""What was already one of the strongest tournaments of early 2026 is now something more. It's not just elite anymore. It's a super-tournament."" You're very kind World Chess. Let's see the Masters line-up again. Shall we? 👀 🔥

🇨🇿 „Co už bylo jedním z nejsilnějších turnajů na začátku roku 2026, je teď ještě mnohem víc. Už to není jen elitní turnaj. Je to superturnaj.“ Ve World Chess jsou velmi laskaví. Pojďme se tedy na soupisku Masters podívat ještě jednou. Co říkáte? 👀 🔥

https://worldchess.com/news/niemanns-last-minute-entry-turns-prague-masters-into-a-true-super-tournament ⬅",,0,"02/21/2026 00:53",N/A,https://www.facebook.com/PragueChessFestival/posts/pfbid0sZosnZRyf6SSK8vomU3AGcubiR2FFXuAgCkY9ebNij8rwQQx4xWZ6wL9WZS4NWwil,0,0,Fotky,,,,,Dlouhodobě,8919,4541,,105,84,18,3,457,383,49,25,,,,,,
1430311148892564,100057410770738,"Prague International Chess Festival","👑 The benchmark of the FUTURES field is set. Introducing Anna Hrčková 🇨🇿

Born in 2013, Anna has been playing chess since pre-school age and is a proud member of the Beskydská šachová škola. With an ELO of 2041, she enters the tournament as the top-seeded player of the category, a clear signal of her strength and consistency. All eyes on the 🔝 seed!

👑 Laťka v kategorii FUTURES je nastavena. Představujeme Annu Hrčkovou 🇨🇿

Anna (*2013) hraje šachy už od předškolního věku a je členkou Beskydské šachové školy. S ELO 2041 vstupuje do turnaje jako nejvýše nasazená hráčka kategorie, což jasně potvrzuje její sílu i herní vyrovnanost. 👀 Všechny oči se upírají na nasazenou jedničku! 🔝",,0,"02/20/2026 12:09",N/A,https://www.facebook.com/PragueChessFestival/posts/pfbid02zK7ELjPQQwjrV236axQBbvVgiiiQGVE4nHjRfFytnC3Tg3PuVPMeCMR79VX2Grp9l,0,0,Fotky,,,,,Dlouhodobě,3856,2382,,78,72,4,2,224,196,28,,,,,,,
1430177485572597,100057410770738,"Prague International Chess Festival","🇨🇿 💪 Born in 2011, Sofiia Markina represents the Czech Republic and continues to build an impressive competitive profile. 

Her achievements include silver at the Czech Championship U10, silver at the European Team Championship (G14, 2024), and gold at the Czech Rapid Championship (G14). A strong all-round player on home soil. In Prague, she can count on strong support from the fans and the audience! 📣

🇨🇿 💪 Sofiia Markina (2011) reprezentuje Českou republiku a dál si buduje velmi působivý soutěžní profil.

Mezi její úspěchy patří stříbro z Mistrovství ČR U10, stříbro z ME družstev (G14, 2024) a zlato z Mistrovství ČR v rapid šachu (G14). Silná univerzální hráčka na domácí půdě se v Praze může spolehnout na výraznou podporu fanoušků i publika! 📣",,0,"02/20/2026 08:27",N/A,https://www.facebook.com/PragueChessFestival/posts/pfbid0oZdRNvWDnQrCDizLLfumQu17M9Gq2t4PU9VSSqDEEEgd137fqrNpVYpb5rqNTfayl,0,0,Fotky,,,,,Dlouhodobě,3432,2149,,30,27,2,1,139,124,15,,,,,,,
1429795115610834,100057410770738,"Prague International Chess Festival","⭐ A German rising star joins the FUTURES lineup! It’s Lilian Schirmbeck, of course 🇩🇪

Born in 2013, WCM Lilian Schirmbeck has already made her mark on the European stage. Her standout achievements include silver at the European Youth Championship (2023) and an impressive run of three bronze medals at the European Team Championships (2023–2025). Will she add more silverware in Prague? 🏆♟️

⭐ Nadějná německá hvězda se připojuje ke kategorii FUTURES! Není to nikdo jiný než Lilian Schirmbeck 🇩🇪

Lilian (*2013), WCM, už o sobě dala výrazně vědět na evropské scéně. Mezi její největší úspěchy patří stříbro z ME mládeže (2023) a působivá série tří bronzových medailí z ME družstev (2023–2025). Přidá v Praze další cenný kov do své sbírky? 🏆♟️",,0,"02/19/2026 22:29",N/A,https://www.facebook.com/PragueChessFestival/posts/pfbid034RWm19yR3VXktkyjyUZLhqP9yT8RsVqEVh75GLKrrBhp1cuvT2NvffxXofRc5w7Kl,0,0,Fotky,,,,,Dlouhodobě,1656,764,,44,41,0,3,48,41,7,,,,,,,
1429483792308633,100057410770738,"Prague International Chess Festival","👏 Third time’s a charm! Polish talents keep shining! Greetings Bao Anh Angelina Nguyen Doan! 🇵🇱

Born in 2014, Bao Anh started playing chess at just three and a half years old and has since grown into one of the most successful young players in Poland. Her results speak for themselves: Polish Champion G8 in both classical and rapid, European Vice-Champion across multiple age groups, and a strong 6th place at the World Youth Rapid Championship (G12) in 2025. Prague awaits now! 👍

🇨🇿 👏 Do třetice všeho dobrého! Polské talenty budou v Praze zářit! Zdravíme Bao Anh Angelinu Nguyen Doan! 🇵🇱

Bao Anh (*2014) začala hrát šachy už ve třech a půl letech a od té doby se vypracovala mezi nejúspěšnější mládežnické hráčky v Polsku. Její výsledky mluví samy za sebe: mistryně Polska G8 v klasickém i rapid šachu, vicemistryně Evropy v několika věkových kategoriích a skvělé 6. místo na Mistrovství světa v rapidu G12 (2025). Teď už čeká Praha! 👍",,0,"02/19/2026 12:44",N/A,https://www.facebook.com/PragueChessFestival/posts/pfbid0udiqYKmcrDSXWf4vFPURxumDzLREbrGEAhD8ssiXK48K6f3SXpubRbb9zddi8uTrl,0,0,Fotky,,,,,Dlouhodobě,2014,1168,,33,32,0,1,35,32,3,,,,,,,
1429004462356566,100057410770738,"Prague International Chess Festival","✨ The sister story continues. After Kaja, we wouldn’t be complete without her younger sister, Lila Rzadkowska 🇵🇱

Her highlights include bronze at the World Youth Championship (U8), bronze at the European Youth Championships (U8 & U10), and gold at the European Team Championship (U12). Two sisters, two paths, one shared passion. We cannot wait for your dynamic performances! Welcome! 👋

🇨🇿 ✨ Sesterský příběh pokračuje. Po Kaje bychom nebyli kompletní bez její mladší sestry, Lily Rzadkowské 🇵🇱

Mezi její největší úspěchy patří bronz z Mistrovství světa mládeže (U8), bronz z Mistrovství Evropy mládeže (U8 a U10) a zlato z Mistrovství Evropy družstev (U12). Dvě sestry, dvě cesty, jedna společná vášeň. Nemůžeme se dočkat vašich dynamických výkonů! 👋 Chess Sisters Kaja&Lila",,0,"02/18/2026 23:44",N/A,https://www.facebook.com/PragueChessFestival/posts/pfbid02BmsAq9V1ENshWTmtjBHyq2uLqq6atjQvDfoXsVPkqB9mErYoa5MvP6ABwvPFcX7l,0,0,Fotky,,,,,Dlouhodobě,5870,2504,,234,201,25,8,158,138,20,,,,,,,
1428703502386662,100057410770738,"Prague International Chess Festival","🔥 One half of a powerful chess sister duo steps into the spotlight. Cześć, Kaja Rzadkowska! 🇵🇱

Known to many fans, Kaja is much more than a familiar face. Born in 2012, the WCM from Poland has reached a peak rating of 2002 and already boasts an impressive international résumé. Her highlights include bronze at the World Youth Rapid & Blitz Championships (U10), silver at the World Championship in chess solving (U12), and a victory at our very own Prague Open (B). A proven competitor with creativity on and off the board! 🫡 Chess Sisters Kaja&Lila 

🇨🇿 🔥 Polovina silného šachového sesterského dua vstupuje do světla reflektorů. Cześć, Kaja Rzadkowska! 🇵🇱

Kaja je ale mnohem víc než jen jméno ze sociálních sítí. Narozena v roce 2012, WCM z Polska dosáhla maximálního ratingu 2002 a může se pochlubit působivými mezinárodními úspěchy. Mezi ty největší patří bronz z MS mládeže v rapidu a bleskovém šachu (U10), stříbro z MS v řešení šachových úloh (U12) a vítězství na našem domácím turnaji Prague Open (B). Prověřená bojovnice s kreativitou na šachovnici i mimo ni. 🫡",,0,"02/18/2026 14:46",N/A,https://www.facebook.com/PragueChessFestival/posts/pfbid061abeT1kXRqR1jPBqnBy62eyAjKhL9kAj4tvK3Kb5oXr9ZZ69zjb9BAHMM4dPrZel,0,0,Fotky,,,,,Dlouhodobě,5624,2421,,195,164,24,7,189,162,27,,,,,,,
1427713782485634,100057410770738,"Prague International Chess Festival","📣📣 A unique opportunity to meet world champions 📣📣

📍 When: 24 February at 11:00 AM
📍 Where: Hotel Don Giovanni

At the autograph session, reigning World Champion Dommaraju Gukesh will meet fans, and Czech world champion Ondřej Perušič will also be in attendance.

Come and get an autograph, take a photo together, and create a unique memory of the Prague Chess Festival. Signature cards will also be available for visitors.

What better way to get in the mood for the biggest chess tournament in Central Europe than by meeting world champions in person?

We look forward to seeing you not only at the autograph session, but throughout the entire festival! ♟️

📣📣 Jedinečná příležitost potkat mistry světa  📣📣

📍 Kdy: 24.02. v 11:00
📍 Kde: Hotel Don Giovanni 

Na autogramiádě se s fanoušky potká úřadující světový šampion Dommaraju Gukesh a chybět nebude ani český mistr světa Ondřej Perušič.

Přijďte si pro podpis, společnou fotografii a jedinečnou vzpomínku na Pražský šachový festival. Pro návštěvníky budou připraveny také podpisové karty. 
Jak jinak se naladit na největší šachový turnaj ve střední Evropě, než setkáním s mistry světa. 

Těšíme se na Vás nejen na autogramiádě, ale i v průběhu celého festivalu! ♟️",,0,"02/17/2026 10:02",N/A,https://www.facebook.com/PragueChessFestival/posts/pfbid02J4CJYTWn2wJ9DvPNpqu8zEzrQMu3ZbJzcy79npda8fmtpZ3wARCRCVcfpMPBWnj3l,0,0,Fotky,,,,,Dlouhodobě,1363,563,,22,20,0,2,23,12,11,,,,,,,
1427516265838719,100057410770738,"Prague International Chess Festival","PICF2026 - ♟️ Tisíc srdcí. Různé cesty. Jedna vášeň.","♟️ Tisíc srdcí. Různé cesty. Jedna vášeň. Šachy spojují.

Hráči, fanoušci, velmistři i ti, kteří přicházejí poprvé. Každý píše jiný příběh na šachovnici.
🎯 Přijďte zažít atmosféru @[100057410770738:2048:Prague International Chess Festival] 
📅 od 24. 2.
📍 @[100065547697391:2048:Don Giovanni Hotel Prague] 

🇬🇧 ♟️ A thousand hearts. Different paths. One passion. Chess connects.

Players, fans, grandmasters, and those who are coming for the very first time. Everyone writes a different story on the chessboard.
🎯 Come and experience the atmosphere of the Prague International Chess Festival
📅 from February 24
📍 Don Giovanni Hotel Prague",25,"02/17/2026 05:13",N/A,https://www.facebook.com/reel/904992928581845/,0,0,Videa,,,,,Dlouhodobě,1155,825,,12,12,0,0,9,9,,,,4607.3,4.814,0,0,0
1427370589186620,100057410770738,"Prague International Chess Festival","Just one week left! Who will rule Prague this year? ♟️ Drop your pick in the comments 👇

🇨🇿 Už jen týden do startu Prague International Chess Festival! Kdo bude letos v Praze dominovat? ♟️ Napište nám do komentářů svého favorita 👇",,0,"02/17/2026 01:26",N/A,https://www.facebook.com/PragueChessFestival/posts/pfbid0KpXX8pEsBtn5Msqxb2kWnoGGf6DKg3MqkCKEDtbHrXM989iywWAb3YXHPYRCJMeMl,0,0,Fotky,,,,,Dlouhodobě,1622,847,,14,10,2,2,26,20,6,,,,,,,
1426815615908784,100057410770738,"Prague International Chess Festival","One of Latvia’s biggest talents of her generation. It’s time for Alona Tolmaceva! 🇱🇻♟️

Alona enters the competition with outstanding achievements, including European Youth Champion 2025 (G12, Budva) and an incredible six-time Latvian Girls’ Champion in her age category. Conquering the chessboard since the age of four, she is ready to make her mark on the FUTURES stage. Let’s give Alona a warm welcome! 👏

🇨🇿 Jedna z největších lotyšských nadějí své generace. Je čas na Alonu Tolmacevu! 🇱🇻♟️

Alona vstupuje do turnaje s mimořádnými úspěchy. Je vítězkou Mistrovství Evropy mládeže 2025 (G12, Budva) a neuvěřitelnou šestinásobnou mistryní Lotyšska dívek ve své věkové kategorii. Šachy dobývá už od čtyř let a je připravena zanechat výraznou stopu na scéně FUTURES. Pořádně Alonu přivítejme! 👏",,0,"02/16/2026 08:26",N/A,https://www.facebook.com/PragueChessFestival/posts/pfbid026TF58rUdFwUBd3jVf6CVzV24qCYZpUHWVQZ81HRp4mdj8WrCDnVndxXHwQe1BF1Vl,0,0,Fotky,,,,,Dlouhodobě,3498,1601,,106,102,0,4,77,58,9,10,,,,,,
1426065989317080,100057410770738,"Prague International Chess Festival","Meet Christina Jordan 🇨🇭♟️ Born in 2012, Christina represents Switzerland and is already one of the most successful young players of her generation. She is a Swiss Champion in U10, U12 and U14, and in 2025 claimed the German U14 title. Christina surely brings international experience and winning mentality to the FUTURES lineup. Can't wait to see her in action! 👏

🇨🇿 Seznamte se s Christinou Jordan 🇨🇭♟️Christina (*2012) reprezentuje Švýcarsko a už teď patří mezi nejúspěšnější hráčky své generace. Je mistryní Švýcarska v kategoriích U10, U12 a U14 a v roce 2025 získala titul mistryně Německa U14. Do kategorie FUTURES přináší cenné mezinárodní zkušenosti i vítěznou mentalitu. Už se nemůžeme dočkat, až ji uvidíme v akci! 👏",,0,"02/15/2026 11:54",N/A,https://www.facebook.com/PragueChessFestival/posts/pfbid02PHuhZK57fos8UiYQ9JJUD8QmGodcJw8y337ftNqMGWeGVN6DiDFfMz4wPuJJUqbVl,0,0,Fotky,,,,,Dlouhodobě,1980,1056,,19,18,0,1,27,23,4,,1,,,,,
1425623342694678,100057410770738,"Prague International Chess Festival","👀 Another FUTURES talent joins the lineup! Born in 2011, Zuzana Stará has been playing since the age of seven and regularly succeeds even in boys’ categories. Famously, she took 2nd place at the Czech Championship (boys) in 2025.

She’s no stranger to the Prague International Chess Festival either. Zuzana has played in the capital before and was runner-up of the Futures category last year. Let's make it to the top this time! 🔥

🇨🇿 👀 A máme tu další talent kategorie FUTURES! Zuzana Stará (*2011) hraje šachy od sedmi let a pravidelně se prosazuje i v chlapeckých kategoriích. Výrazným úspěchem je 2. místo na MČR chlapců v roce 2025.

Ani Pražský šachový festival pro ni není novinkou. V Praze už startovala a vloni v kategorii FUTURES obsadila 2. místo. Tak letos už až na vrchol! 🔥",,0,"02/15/2026 01:16",N/A,https://www.facebook.com/PragueChessFestival/posts/pfbid0kkuUzwx2WmajvHuRL45HcyraZ5ZGBk4ZmLUA1AvHbGp9Zt5NmwRtprxAHJHpguypl,0,0,Fotky,,,,,Dlouhodobě,4845,2892,,84,77,5,2,213,195,18,,,,,,,
1425207976069548,100057410770738,"Prague International Chess Festival","Bongiorno, Clio Alessi 🇮🇹♟️
Our first FUTURES player is here! Born in 2013, Alessi is a world-class young talent. World No. 1 U8, multiple-time Italian champion, and named among the Top 10 most promising female players worldwide by the Women in Chess Foundation! A regular Top 10 finisher at European and World Youth Championships. 

See you in Prague, Clio! 👋

🇨🇿 Bongiorno, Clio Alessi 🇮🇹♟️
Naše první hráčka kategorie FUTURES je tady! Alessi, narozená v roce 2013, patří mezi světovou špičku mladých talentů. Světová jednička U8 a vícenásobná mistryně Itálie byla jmenována mezi 10 nejnadějnějšími šachistkami světa podle Women in Chess Foundation. Pravidelně se umisťuje v TOP 10 na ME a MS mládeže.
Uvidíme se v Praze, Clio! 👋♟",,0,"02/14/2026 14:39",N/A,https://www.facebook.com/PragueChessFestival/posts/pfbid02qZVcxHWDpWQjEqZQLKRVX5aFoitewM2y22r8HTmSTCsRrJqCYBo6ndQe4zsbciSl,0,0,Fotky,,,,,Dlouhodobě,3509,1436,,128,108,14,6,152,122,18,12,1,,,,,
1424827692774243,100057410770738,"Prague International Chess Festival","Prague International Chess Festival 🇨🇿🤝🇷🇴 Romania Grand Prix

Collaboration built on shared values. Organizing competitions at the highest level, continuously developing the global chess community and promoting chess not only as a sport, but also as a cultural expression.

Thank you for your passion for the sport, mutual inspiration, and commitment to excellence and sportsmanship, and we look forward to meeting you over the chessboard! ♟️

Pražský šachový festival 🇨🇿🤝🇷🇴 Romania Grand Prix

Spolupráce postavená na společných hodnotách. Pořádání soutěží na nejvyšší úrovni, neustálý rozvoj globální šachové komunity a propagace šachu nejen jako sportu, ale i kulturního projevu.

Děkujeme za vášeň pro tento sport, vzájemnou inspiraci, fair play a závazek k tomu dávat šachům všechno. Těšíme se na další setkání u šachovnice! ♟️",,0,"02/14/2026 05:26",N/A,https://www.facebook.com/PragueChessFestival/posts/pfbid0mwvgw2wbF2TKrP4HcEYhBZi59P2ytxi1sT4swPHafNQPoMJtHJVyR3NosnL5p8Qbl,0,1,Fotky,,,,,Dlouhodobě,1163,374,,6,5,0,1,20,19,1,,,,,,,
1422370936353252,100057410770738,"Prague International Chess Festival","Hans Niemann returns to the Prague International Chess Festival  🤝 

After a strong year on the international circuit, highlighted by a shared third-place finish at the Tata Steel Chess Tournament 2026, Niemann is heading to our capital as part of the Masters category. 

The American grandmaster replaces Thai Dai Van Nguyen, who has withdrawn from the Masters tournament at his personal request. Good luck, Hans! 🤞🇺🇸

🇨🇿 Hans Niemann se vrací na Pražský šachový festival 🤝

Po silném roce na mezinárodním okruhu, korunovaném děleným třetím místem na turnaji Tata Steel Chess 2026, míří Niemann do naší metropole jako účastník kategorie Masters.

Americký velmistr nahrazuje Thai Dai Van Nguyena, který z turnaje Masters odstoupil na vlastní žádost. Hodně štěstí, Hansi!🤞🇺🇸",,0,"02/11/2026 10:10",N/A,https://www.facebook.com/PragueChessFestival/posts/pfbid0X2mGMVvzhantfoE744UbRbJoHdzpjA1rUw6XVfWLLyKwdKRwiEhr6vYxLnPbbuaLl,0,0,Fotky,,,,,Dlouhodobě,3818,2487,,24,22,2,0,163,147,16,,,,,,,
1421379886452357,100057410770738,"Prague International Chess Festival","We are proud to welcome GM Pia Cramling as the Futures Ambassador of the Prague International Chess Festival 2026.

A former women’s world No. 1, grandmaster since 1992, and 2025 International Chess Hall of Fame inductee, Pia Cramling is a true legend of the game and an inspiration across generations.

Join us for a special afternoon featuring an autograph session and simultaneous exhibition with Pia Cramling, games with Czech representatives, talks, and more. All celebrating the future of women’s chess.
 🌍 Women’s Chess Day – March 2, 2026
📍 Grand Hotel Prague Towers | 🎟️ Free entry

🇨🇿 Hrdě představujeme GM Piu Cramling jako ambasadorku turnaje Futures v rámci Pražského šachového festivalu 2026.

Bývalá světová jednička ženského šachu, velmistryně od roku 1992 a členka Mezinárodní šachové síně slávy (2025) je skutečnou legendou hry a inspirací napříč generacemi.

Zveme vás na výjimečné odpoledne plné skvělého programu! Čekají vás autogramiády a simultánky s Piou Cramling, partie s českými reprezentantkami, diskuse a mnoho dalšího. Vše v rámci oslav budoucnosti ženského šachu.

🌍 Šachový den žen – 2. března 2026
📍 Grand Hotel Prague Towers | 🎟️ Vstup zdarma",,0,"02/10/2026 07:13",N/A,https://www.facebook.com/PragueChessFestival/posts/pfbid0BgdW362hhkkgRegha9j4Ys5E6LwWrGGswW1kGEWVZUva6rriLYhaPvqk46uZQMRbl,0,0,Fotky,,,,,Dlouhodobě,1945,1083,,43,40,0,3,39,33,6,,,,,,,
1419320499991629,100057410770738,"Prague International Chess Festival","PICF2026 - Thai Dai Van Nguyen mluví o svém vztahu ke královské hře","♟️ „Šachy si vybraly mě.“ Česká šachová jednička Thai Dai Van Nguyen mluví o svém vztahu ke královské hře před letošním @[100057410770738:2048:Prague International Chess Festival]em. Jaká byla vaše cesta k šachovnici? Přijďte se s námi podělit a sledujte další sportovní příběhy od 24. února v @[100065547697391:2048:Don Giovanni Hotel Prague]! 🤝

🇬🇧 ♟️ “Chess chose me.” Czech number one Thai Dai Van Nguyen talks about his relationship with the royal game ahead of this year’s Prague International Chess Festival. What was your path to the chessboard? Come share it with us and follow more sporting stories from February 24 at Don Giovanni Hotel Prague! 🤝",46,"02/07/2026 23:27",N/A,https://www.facebook.com/reel/27044364455151668/,0,0,Videa,,,,,Dlouhodobě,1310,1019,,23,22,0,1,22,22,,,,10860.179,9.846,0,0,0
1418606543396358,100057410770738,"Prague International Chess Festival","🔙 with unfinished business! Jonas Buhl Bjerre, last year’s runner-up of the Challengers, returns after a breakthrough season on the international stage. Since Prague, he has claimed top results in elite tournaments, confirmed his place among Denmark’s very best, and continues his steady climb toward the top. Ready to go one step further? 🔥 🇩🇰

🇨🇿 Je 🔙 a má nevyřízené účty! Jonas Buhl Bjerre, loňský vicemistr turnaje Challengers, se vrací po průlomové sezoně na mezinárodní scéně. Od Prahy sbírá špičkové výsledky na elitních turnajích, potvrdil své místo mezi nejlepšími dánskými hráči a dál míří vzhůru. Udělá tentokrát poslední krok do Masters? 🔥 🇩🇰",,0,"02/07/2026 05:07",N/A,https://www.facebook.com/PragueChessFestival/posts/pfbid02KkNm7tfGUiTZQiPncnGcEBdBa2cEVRqY3zEvCBBsnsCGayXBr1q8oARr8QLDEeSRl,0,0,Fotky,,,,,Dlouhodobě,937,485,,4,4,0,0,7,6,1,,,,,,,
1417702103486802,100057410770738,"Prague International Chess Festival","Ondřej Perušič a Thai Dai Van Nguyen zvou na PICF 2026","""Šachy jsou krásná hra, stojí to za to!"" Nejlepší světoví šachisté už v únoru v @[100065547697391:2048:Don Giovanni Hotel Prague]. Přijďte se podívat! Zvou vás i Ondřej Perušič a Thai Dai Van Nguyen! 🤝 ♟️

🇬🇧 “Chess is a beautiful game, it’s worth it!” The world’s best chess players are coming this February to the Don Giovanni Hotel Prague. Come and see them live! We're sharing invitation by our own Ondřej Perušič and Thai Dai Van Nguyen! 🤝 ♟️",45,"02/06/2026 05:20",N/A,https://www.facebook.com/reel/660624090443543/,0,0,Videa,,,,,Dlouhodobě,757,572,,17,16,0,1,3,3,,,,4067.56,6.061,0,0,0
1416935896896756,100057410770738,"Prague International Chess Festival","💪 A strong and versatile grandmaster joins the field at Prague! Daniil Yuffa, representing Spain, brings creativity, fighting spirit, and top-level experience to the board. With a peak rating of 2657 and a reputation for uncompromising chess, he’s ready to take on the challenge! Welcome and good luck in the tournament! 👋 🇪🇸

🇨🇿 💪 Silný a všestranný velmistr vstupuje v Praze do hry! Daniil Yuffa, reprezentující Španělsko, přináší do bojů na šachovnici kreativitu, bojovnost a zkušenosti z nejvyšší úrovně. S maximálním ratingem 2657 a pověstí nekompromisního hráče je připraven přijmout každou výzvu! Vítej a hodně štěstí v turnaji! 👋 🇪🇸",,0,"02/05/2026 08:08",N/A,https://www.facebook.com/PragueChessFestival/posts/pfbid02y7egsqNjyGK6qhTsDMyz1wp5MW3rpjuoweaWXi3iJNni8czfUwNScigLdwsLj7mGl,0,0,Fotky,,,,,Dlouhodobě,1020,642,,8,8,0,0,10,9,1,,,,,,,
1416228036967542,100057410770738,"Prague International Chess Festival","One of Hungary’s top grandmasters is up to the challenge! Benjámin Gledura comes to the Prague International Chess Festival in strong form, following a year of consistent international results and solid performances for the national team. Known for his fighting spirit and deep preparation, he’s ready to make an impact. Welcome back! ♟️🇭🇺

🇨🇿 Jeden z nejlepších maďarských velmistrů je připraven na výzvu! Benjámin Gledura přijíždí na Pražský šachový festival ve skvělé formě po roce plném vyrovnaných mezinárodních výsledků a solidních výkonů v národním týmu. Se svou bojovností a důkladnou přípravou jistě výrazně zasáhne do turnaje v naší Challengers kategorii. Vítej zpátky! ♟️🇭🇺",,0,"02/04/2026 14:15",N/A,https://www.facebook.com/PragueChessFestival/posts/pfbid02ezHUckYQZKmv5aJS3FvqWQ9XYdb1evEaN4Et5JnFmQ2MKBKYVnn1trZuyNsJridAl,0,0,Fotky,,,,,Dlouhodobě,869,518,,9,9,0,0,6,6,,,,,,,,
1415625793694433,100057410770738,"Prague International Chess Festival","♟️ The Indian chess academy will be strongly represented at the Prague International Chess Festival!
Surya Sekhar Ganguly, an experienced grandmaster and long-time member of former World Champion Viswanathan Anand’s team, joins the Challengers. 🇮🇳

Renowned for his analytical depth, refined positional understanding, and vast tournament experience, Ganguly is set to be one of the key figures to watch in the competition. 👀

🇨🇿 ♟️ Indická šachová škola bude na Pražském šachovém festivalu výrazně zastoupena! Surya Sekhar Ganguly, zkušený velmistr a dlouholetý člen týmu bývalého mistra světa Višvanáthana Ánanda, se představí v turnaji Challengers. 🇮🇳

Proslulý svou analytickou hloubkou, vytříbeným pozičním citem a bohatými turnajovými zkušenostmi bude Ganguly patřit mezi klíčové osobnosti, které se letos vyplatí sledovat. 👀",,0,"02/03/2026 23:08",N/A,https://www.facebook.com/PragueChessFestival/posts/pfbid026Rc4PpA1LRGT3edc1w6gmZuWrn1FSVpeHxKcEjnvfd7SCzUwGAdBQgfCJ4TzQN3zl,0,0,Fotky,,,,,Dlouhodobě,818,484,,4,4,0,0,9,9,,,,,,,,
1415336873723325,100057410770738,"Prague International Chess Festival","That’s some arsenal for our Challengers! Another strong addition to the line-up is Thomas Beerdsen! Winner of the 2025 Karel Janeček Open is set to compete at the Prague International Chess Festival and this time, on the main stage! ♟️

He arrives full of confidence, aiming to rediscover his very best form and make the Gunners proud once again. 🔴 🔥

🇨🇿 Tohle už je pořádný arzenál pro turnaj Challengers! Další výraznou posilou startovního pole je Thomas Beerdsen! Vítěz Karel Janeček Openu 2025 se představí na Pražském šachovém festivalu a tentokrát na hlavní scéně! ♟️

Přijíždí plný sebevědomí, s cílem znovu najít svou nejlepší formu a opět šířit barvy Gunners po Praze. 🔴🔥",,0,"02/03/2026 14:29",N/A,https://www.facebook.com/PragueChessFestival/posts/pfbid0DucB8SNY76K4NWWcXufeNMZfmGvAQX2GgyTuoMbrXAiojjiiem1L7Hou5pSqqFjQl,0,0,Fotky,,,,,Dlouhodobě,1001,561,,10,7,3,0,18,16,2,,,,,,,
1414450977145248,100057410770738,"Prague International Chess Festival","🏆 A champion worth waiting for. Congratulations to Nodirbek Abdusattorov on a magnificent victory at Tata Steel Chess Tournament! Wijk aan Zee once again delivered unforgettable battles and crowned a truly worthy winner.

And the story continues.♟️We are proud to welcome Nodirbek back for the Prague International Chess Festival, where he will take on his next challenge. See you soon! 🇨🇿🔥

🏆 Šampion, na kterého se vyplatí počkat. Gratulujeme Nodirbeku Abdusattorovovi k úžasnému vítězství na turnaji Tata Steel Chess! Wijk aan Zee znovu nabídlo nezapomenutelné bitvy a korunovalo skutečně zaslouženého vítěze.

A příběh pokračuje. ♟️ S hrdostí Nodirbeka brzy znovu přivítáme na Pražském šachovém festivalu, kde ho čeká další výzva. Těšíme se na viděnou! 🇨🇿🔥",,0,"02/02/2026 13:58",N/A,https://www.facebook.com/PragueChessFestival/posts/pfbid0zsyt2xTjHVW9gV6oJraHd1xGy5VtKcEQ8TsszMRhr9CEhtJgKXvJ8NKhLXN6FeXWl,0,0,Fotky,,,,,Dlouhodobě,1126,643,,15,15,0,0,44,13,31,,,,,,,
1226249859484601,100057410770738,"Prague International Chess Festival","Prague International Chess Festival 2026",,0,"02/02/2026 09:38",N/A,https://www.facebook.com/events/1226249859484601/,0,0,Text,,,,,Dlouhodobě,,,38,,,,,,,,,,,,,,
1412790190644660,100057410770738,"Prague International Chess Festival","Vloni si svojí velkou šachovou premiéru na PICF užil herec Marek Adamczyk! 🫡👏 Letos za šachovnicí můžete potkat mistra světa v beachvolejbale Ondru Perušiče. 🏐👌 Dorazíte? 😎 Budeme se na vás těšit od 24.2. do 6.3. 2026 v hotelu Don Giovanni v Praze.

🇬🇧 Last year, Czech actor Marek Adamczyk enjoyed his chess debut at PICF! 🫡👏 This year, you can meet Czech beach volleyball player, world champion and Olympian Ondřej Perušič over the chessboard.🏐👌Will you join us? 😎

We’re looking forward to seeing you from February 24 to March 6 at the Don Giovanni Hotel in Prague.","Vloni si svojí velkou šachovou premiéru na PICF užil herec Marek Adamczyk! 🫡👏 Letos za šachovnicí můžete potkat mistra světa v beachvolejbale Ondru Perušiče. 🏐👌 Dorazíte? 😎 Budeme se na vás těšit od 24.2. do 6.3. 2026 v hotelu Don Giovanni v Praze.

🇬🇧 Last year, Czech actor Marek Adamczyk enjoyed his chess debut at PICF! 🫡👏 This year, you can meet Czech beach volleyball player, world champion and Olympian Ondřej Perušič over the chessboard.🏐👌Will you join us? 😎

We’re looking forward to seeing you from February 24 to March 6 at the Don Giovanni Hotel in Prague.",31,"01/31/2026 08:21",N/A,https://www.facebook.com/reel/1183294277121765/,0,0,Videa,,,,,Dlouhodobě,936,527,,31,28,0,3,12,12,,,,5254.129,6.262,0,0,0
1411685697421776,100057410770738,"Prague International Chess Festival","A 🇨🇿 trio ready to take on any challenge! The second performance group at Prague International Chess Festival will be strengthened by local players Štěpán Hrbek, Jáchym Němec and Václav Finěk. In front of the Prague crowd, they are sure to show their best form and fight for every point. 💪

👉 Who do you think will carry the Czech flag the highest at the tournament?

Náš 🇨🇿 trojlístek, který se postaví jakékoli výzvě! Druhou výkonnostní skupinu Challengers na Pražském šachovém festivalu posílí domácí hráči Štěpán Hrbek, Jáchym Němec a Václav Finěk. Před pražským publikem se jistě představí v té nejlepší formě a budou bojovat o každý bod. 💪

👉 Máte tip, kdo z nich vynese český prapor na turnaji nejvýš?",,0,"01/30/2026 02:16",N/A,https://www.facebook.com/PragueChessFestival/posts/pfbid0L9rftgpyWYVynJfwx3VYCPub9ANzKZWPJ8idsgrtbtZJWZtKhZtb27ZTYCjHa6w2l,0,0,Fotky,,,,,Dlouhodobě,2786,1573,,44,39,0,5,216,60,156,,,,,,,
1410330347557311,100057410770738,"Prague International Chess Festival","Ambassadorem 8. ročníku Prague International Chess Festival je český beachvolejbalista, mistr světa a olympionik, ale také vášnivý šachista Ondřej Perušič! 🔥 Přijďte se podívat na unikátní šachovou akci, kde můžete Ondru potkat i za šachovnicí. 🏐♟️Těšíme se na vás!🤍🖤

🇬🇧 The ambassador of the 8th edition of the Prague International Chess Festival is a Czech beach volleyball player, world champion, and Olympian, and passionate chess enthusiast Ondřej Perušič! 🔥 Come and experience a unique chess event where you can meet Ondra Perušič, even over the chessboard. 🏐♟️ We look forward to seeing you! 🤍🖤","Ambassadorem 8. ročníku @[100057410770738:2048:Prague International Chess Festival] je český beachvolejbalista, mistr světa a olympionik, ale také vášnivý šachista Ondřej Perušič! 🔥 Přijďte se podívat na unikátní šachovou akci, kde můžete Ondru potkat i za šachovnicí. 🏐♟️Těšíme se na vás!🤍🖤

🇬🇧 The ambassador of the 8th edition of the Prague International Chess Festival is a Czech beach volleyball player, world champion, and Olympian, and passionate chess enthusiast Ondřej Perušič! 🔥 Come and experience a unique chess event where you can meet Ondra Perušič, even over the chessboard. 🏐♟️ We look forward to seeing you! 🤍🖤",47,"01/28/2026 11:42",N/A,https://www.facebook.com/reel/1217702409911350/,0,0,Videa,,,,,Dlouhodobě,833,632,,24,21,1,2,19,19,,,,6534.936,8.976,0,0,0
1409428844314128,100057410770738,"Prague International Chess Festival","♟️ A familiar name returns! 🇪🇸 Spanish grandmaster David Anton Guijarro is set to compete once again at the Prague International Chess Festival! The winner of the 2020 Tata Steel Challengers has long been established among the world’s top grandmasters, known for his fighting spirit and deep positional understanding. 

David knows Prague well and has left a lasting mark on the Festival in the past. We can’t wait to see him light up the tournament again this year! Welcome back to the capital, David! 👋

🇨🇿 ♟️ Známé jméno se vrací! 🇪🇸 Španělský velmistr David Antón Guijarro bude znovu hrát na Pražském šachovém festivalu! Vítěz turnaje Tata Steel Challengers 2020 už dlouhá léta patří mezi světovou špičku. Je známý svou bojovností a hlubokým citem pro pozici na šachovnici.

Praha mu rozhodně není cizí. Festivalu se už v minulosti zúčastnil a zanechal zde výraznou stopu. A my tušíme, že letos tomu nebude jinak. Vítej zpět v hlavním městě, Davide! 👋",,0,"01/27/2026 11:09",N/A,https://www.facebook.com/PragueChessFestival/posts/pfbid0VMZpDtaUcKdiw9m5kNG4EJJ8ememRST9TgJfUzx1XDfr9jBuXMatkDz5tGA8o3bul,0,0,Fotky,,,,,Dlouhodobě,936,506,,10,8,0,2,16,15,1,,,,,,,
1409322277658118,100057410770738,"Prague International Chess Festival","Prague International Chess Festival 2025 - Highlights","📹 Last year was unforgettable. Brilliant games, world-class stars, packed halls, and moments we’ll remember for a long time. Relive the atmosphere, the drama, and the magic of the @[100057410770738:2048:Prague International Chess Festival]. 

Now, we go again! Bigger, bolder, and even more exciting. Get ready. ♟️🔥

🇨🇿 📹 Minulý rok byl nezapomenutelný. Skvělé partie, světové hvězdy, zaplněné sály a momenty, na které budeme ještě dlouho vzpomínat. Připomeňte si atmosféru, drama a kouzlo Pražského šachového festivalu.

Za pár týdnů začínáme znovu! Budeme větší, odvážnější a ještě napínavější. Připravte své šachovnice. ♟️🔥",111,"01/27/2026 08:16",N/A,https://www.facebook.com/reel/944332641354627/,0,0,Videa,,,,,Dlouhodobě,848,667,,25,22,1,2,22,22,,,,8121.743,11.095,0,0,0
1404840854772927,100057410770738,"Prague International Chess Festival","🕰️ He has already shined at the Prague International Chess Festival in the past and will return in 2026 as one of the stars of the Masters tournament. One of the most exciting grandmasters of today Jorden van Foreest is coming! Winner of the Tata Steel Masters 2021, European Blitz Champion 2025 and a regular contender in the world’s top tournaments is ready to entertain and inspire. Will you follow his games? 🇳🇱 🔥

🇨🇿 🕰️ V minulosti už na Prague International Chess Festivalu zazářil a v roce 2026 se vrátí jako jedna z hvězd turnaje Masters. Jeden z nejzajímavějších velmistrů současnosti Jorden van Foreest je zpět! Vítěz Tata Steel Masters 2021, mistr Evropy v bleskovém šachu 2025 a pravidelný účastník světových elitních turnajů je připraven bavit i inspirovat. Budete sledovat jeho partie? 🇳🇱 🔥",,0,"01/22/2026 04:56",N/A,https://www.facebook.com/PragueChessFestival/posts/pfbid0MEyoibRcGXa9s5Wou2o5nS92suC9jfWFrWgTHYqcXMzqP4JUukiGNXjvYQc3UsB7l,0,0,Fotky,,,,,Dlouhodobě,687,412,,5,5,0,0,8,7,1,,,,,,,
1403982214858791,100057410770738,"Prague International Chess Festival","👋🏻 He always enjoys coming back! The Iranian Grandmaster and World Junior Champion 2018 Parham Maghsoodloo returns to Prague’s Masters. A player known for his aggressive, fearless style and thrilling battles on the board is a crowd favorite and he is ready to light up the Prague International Chess Festival  once again! 🔥

🇨🇿 👋🏻 Vždy se rád vrací! Íránský velmistr a mistr světa juniorů z roku 2018 Parham Maghsoodloo bude znovu hrát Masters v Praze. Šachista známý svým agresivním, nebojácným stylem a napínavými souboji je miláčkem publika a je znovu připraven náš Prague International Chess Festival pořádně nakopnout! 🔥",,0,"01/21/2026 05:21",N/A,https://www.facebook.com/PragueChessFestival/posts/pfbid02RFGZUSr5UXthRbWTh7aJb12DtdwdLc8wMu7q9UC8JYAWX78iGjRz2EpEVWPdeUnCl,0,0,Fotky,,,,,Dlouhodobě,725,450,,7,7,0,0,4,3,,1,,,,,,
1403252818265064,100057410770738,"Prague International Chess Festival","The 2024 champion is 🔙. One of the biggest names in the field, Nodirbek Abdusattorov, returns to the Masters as a proven winner. Olympiad champion. World Rapid Chess Champion. Uzbekistan’s number one. And of course, Masters title holder from 2024's Prague International Chess Festival.

Fearless, relentless, and built for the biggest battles. He’s coming back to defend his status and chase another crown. Who’s ready to challenge him? 🫵 ♟️

🇨🇿 Šampion z roku 2024 je 🔙. Jedno z největších jmen startovního pole, Nodirbek Abdusattorov, se vrací do Masters jako osvědčený vítěz. Olympijský šampion. Mistr světa v rapid šachu. Uzbecká jednička. A samozřejmě také držitel titulu Masters z Prague International Chess Festivalu 2024.

Neohrožený, neúnavný a stvořený pro ty největší bitvy. Nodirbek se vrací obhajovat své postavení a útočit na další triumf. Kdo je připraven ho vyzvat? 🫵 ♟️",,0,"01/20/2026 08:02",N/A,https://www.facebook.com/PragueChessFestival/posts/pfbid02XoktbmyykqUySpnzAVerTw6hCAWSFni2ndvsXLLBrALXbQdkJEoZ9ij9X7BZ9wx7l,0,0,Fotky,,,,,Dlouhodobě,547,338,,12,12,0,0,11,11,,,,,,,,
1402514991672180,100057410770738,"Prague International Chess Festival","♟️ He earned his seat at the 🔝 table! After a standout performance in last year’s Challengers, Nodirbek Yakubboev completed his breakthrough in Prague. A tense playoff victory over Jonas Bjerre sealed the deal and secured his promotion. This season, the Uzbek star takes the next step as a full-fledged Masters participant. 💯

🇨🇿♟️ Vybojoval si místo mezi 🔝 hráči!
Po skvělém výkonu v loňském turnaji Challengers rozhodl Nodirbek Yakubboev napínavý rozstřel proti Jonasovi Bjerremu a zajistil si postup do turnaje Masters. V této sezoně čeká uzbeckou hvězdu další krok jako plnohodnotného účastníka nejprestižnější kategorie. 💯",,0,"01/19/2026 09:32",N/A,https://www.facebook.com/PragueChessFestival/posts/pfbid0yWobW2H8Dgx6AbrwPfBqUyp3AMWFMWT1nPcJnpjsNJQt1CrD1vwkA5LoWY1xqh6Tl,0,0,Fotky,,,,,Dlouhodobě,602,357,,8,8,0,0,11,11,,,,,,,,
1400637248526621,100057410770738,"Prague International Chess Festival","♟️ May the Fourth be with you. German GM Vincent Keymer is one of the greatest chess talents of the past decade and he’s returning to our festival. The former European junior champion enjoyed a phenomenal rise last year. He crowned an outstanding season by reaching the World Cup semifinals, gaining 43 rating points and climbing all the way to 4th in the world rankings. The Force is strong with this one. Welcome back to the Prague International Chess Festival, Vincent! 🇩🇪 🔥 

🇨🇿 ♟️ Čtyřku provází síla. Německý velmistr Vincent Keymer patří mezi největší šachové talenty poslední dekády a vrací se na náš festival. Bývalý juniorský mistr Evropy zažil v loňském roce raketový vzestup. Výjimečnou sezonu korunoval postupem do semifinále Světového poháru, ziskem 43 ratingových bodů a posunem až na 4. místo světového žebříčku. Čekáme velké věci! Vítej zpět na Prague International Chess Festivalu, Vincente! 🇩🇪 🔥",,0,"01/17/2026 00:06",N/A,https://www.facebook.com/PragueChessFestival/posts/pfbid02HkHXCTNqctN2nnn4wmwAfY7jTL5sPW9bANP3BEfjdHeQAHg4SpSzDaxhroUw6EPYl,0,0,Fotky,,,,,Dlouhodobě,1067,679,,12,12,0,0,26,24,2,,,,,,,
1399902248600121,100057410770738,"Prague International Chess Festival","It’s official. He’s ready to defend his crown. Last year’s Masters winner Aravindh Chithambaram returns to the Prague International Chess Festival! The Indian grandmaster dominated the field in 2025, finishing a full point ahead of Anish Giri and Wei Yi. A statement victory at the highest level. Will anybody stop him this time? ♟️🏆

🇨🇿 Je to oficiální. Vítěz loňského turnaje Masters Aravindh Chithambaram se vrací na Prague International Chess Festival a je připraven obhájit svůj titul! Indický velmistr v roce 2025 ovládl celé startovní pole a zvítězil s náskokem celého bodu před Anishem Girim a Wei Yi. Jednoznačné vítězství na té nejvyšší úrovni. Zastaví ho letos někdo? ♟️🏆",,0,"01/16/2026 02:00",N/A,https://www.facebook.com/PragueChessFestival/posts/pfbid02u8ZYrzMdYGfCQv3e4uXRKx84syWP9j8qP5SWzUqrxNk1x1oSzniKNEW9axyopCpSl,0,0,Fotky,,,,,Dlouhodobě,600,335,,13,13,0,0,9,8,1,,,,,,,
1398175202106159,100057410770738,"Prague International Chess Festival","🇨🇿🔥 Czech chess, right where it belongs - on the biggest stage in the capital. Thai Dai Van Nguyen and David Navara, two pillars of Czech chess, return to their familiar seats at home. The Masters tradition continues in 2026, as Prague once again welcomes its greatest standard-bearers. We are proud of your achievements! ♟️

🇨🇿🔥 Český šach tam, kam patří - na největší scéně v našem hlavním městě. Thai Dai Van Nguyen a David Navara, dva pilíře českého šachu, se vracejí na místa, kde jsou řadu let doma. Mistrovská tradice pokračuje v roce 2026, kdy Praha znovu vítá své nejvýznamnější reprezentanty. Jsme hrdí na vaše úspěchy!♟️",,0,"01/13/2026 23:12",N/A,https://www.facebook.com/PragueChessFestival/posts/pfbid03NFQBuNB6Q5yNH2v6TAHa1ZfFqDX2bqxnV2XzSsDgZwuaXzmGr7tJTZi795VJpqZl,0,0,Fotky,,,,,Dlouhodobě,2459,1501,,32,30,0,2,114,22,92,,,,,,,
