"ID příspěvku","ID účtu","Uživatelské jméno účtu","Název účtu",Popis,"Délka (v sekundách)","Čas zveřejnění","Přímý odkaz","Typ příspěvku","Komentář s daty",Datum,Zobrazení,Dosah,"To se mi líbí",Sdílené,Sledující,Komentáře,Uložení
18084655733185032,17841409576254354,praguechessfestival,"Prague Chess Festival","Just another day packed with chess.♟️💥 

Další šachový den v @hotelgiovanniprg ♟️❤️

#chess #prague #festival #sachy",23,"02/27/2026 06:39",https://www.instagram.com/reel/DVQ9JWxjE6L/,"IG reel",,Dlouhodobě,3005,2044,108,3,7,1,4
18142441213489026,17841409576254354,praguechessfestival,"Prague Chess Festival","Who in the Challengers category will win today? We find out this evening! 🔥

Kdo dnes uspěje v kategorii Challengers? To zjistíme po 15té hodině. 

#chess #prague #festival",0,"02/27/2026 05:13",https://www.instagram.com/p/DVQzTTJDBlG/,"IG image",,Dlouhodobě,1569,914,22,1,0,0,1
17989683158944449,17841409576254354,praguechessfestival,"Prague Chess Festival","🔝 ""It always feels like a second home."" The Challengers nomination for the winner of the @karel252 Open tournament went to the legendary @gmsasikiran. The fifth Indian grandmaster in history lost a mere point and he will compete at the main stage in 2027. 👏

🇨🇿 „Vždycky to tu působí jako druhý domov.“ Nominaci do turnaje Challengers získal vítěz turnaje Karel Janeček Open, legendární Krishnan Sasikiran. Pátý indický velmistr v historii ztratil pouze jeden bod a v roce 2027 si zahraje na hlavní scéně. 👏
.
#PICF #PICF2026 #KarelJanecekOpen #chess",108,"03/15/2026 09:57",https://www.instagram.com/reel/DV6aAd_gDhB/,"IG reel",,Dlouhodobě,1226,809,12,1,0,0,0
18572976376025383,17841409576254354,praguechessfestival,"Prague Chess Festival","👱‍♀️ 🫶 “She helped me win this tournament!” Send some love for our Futures winner Kaja Rzadkowska, who also praised her sister Lila for her contribution on the final day of the festival. Congratulations again!

🇨🇿 👱‍♀️ „Pomohla mi vyhrát tento turnaj!“ Připojte se s námi k oslavě naší vítězky turnaje Futures Kaji Rzadkowské, která v rozhovoru vyzdvihla svou sestru Lilu za její podporu v poslední den festivalu. Ještě jednou gratulujeme!
.
#PICF #PICF2026 #Futures #PragueChess @chess.sisters.kaja.lila",129,"03/11/2026 09:16",https://www.instagram.com/reel/DVwCE5TCBNr/,"IG reel",,Dlouhodobě,4006,2525,166,22,2,5,15
18102653932714252,17841409576254354,praguechessfestival,"Prague Chess Festival","🙏 “Thank you for your support, I hope you liked my games.” Ever-humble David Navara remains a local hero. In his final interview, he praised Challengers winner Václav Finěk and also expressed his appreciation for the love from the fans. 👏

🇨🇿 🙏 „Děkuji za vaši podporu, doufám, že se vám mé partie líbily.“ Vždy skromný David Navara zůstává naším hrdinou. Ve svém závěrečném rozhovoru vyzdvihl vítěze turnaje Challengers Václava Fiňka a také poděkoval fanouškům za jejich podporu. 👏
.
#PICF #PICF2026 #PragueChess #PragueMasters #DavidNavara",95,"03/10/2026 11:05",https://www.instagram.com/reel/DVtpz36kVJk/,"IG reel",,Dlouhodobě,1334,861,48,1,1,1,2
18320723590271163,17841409576254354,praguechessfestival,"Prague Chess Festival","🚶‍♀️‍➡️ The @praguechessfestival 's home. Our dear commentator and interviewer @keti_tsatsalashvili took us along as she explored the City of a Hundred Spires. Now we invite you to join the journey! The whole tour is on our YouTube channel. Link in bio! 😎

🇨🇿 🚶‍♀️‍➡️ Domov našeho festivalu. Naše milá komentátorka a moderátorka #KetiTsatsalashvili nás vzala s sebou při objevování stověžatého města. Teď zveme na procházku i vás! Celé video najdete na našem YouTube kanále. Link jsme schovali do bia! 😎
.
#PICF #PICF2026 #Prague #PragueChess #PragueMasters #chess",85,"03/10/2026 08:35",https://www.instagram.com/reel/DVtYoSHiq8L/,"IG reel",,Dlouhodobě,3734,2319,68,2,0,3,3
18108429451801203,17841407343290110,matej_konig_official,"Matěj König","Bylo pro mě velkou ctí zahájit partii úřadujícího mistra světa Gukeshe na Prague International Chess Festivalu, největším šachovém turnaji ve střední Evropě. ♟️
9 dní, pětihodinové partie a absolutní soustředění světové špičky. Skvěle se dařilo i Čechům 🇨🇿 – David Navara skončil v Masters na krásném 5. místě a teprve 16letý Václav Finěk vyhrál kategorii Challengers.
Turnaj navíc doplnil open se 400 hráči z více než 50 zemí, kde proti sobě nastupují děti, dospělí, muži i ženy.

Šachy jsou elegance, tak jim dej šanci, třeba příští rok v únoru 2027 na dalším ročníku. Je to navíc úplně zadarmo!

#spoluprace #praguechessfestival",86,"03/08/2026 13:25",https://www.instagram.com/reel/DVov0sMgtfX/,"IG reel",,Dlouhodobě,131527,95748,5675,292,,25,0
18074152127567183,17841409576254354,praguechessfestival,"Prague Chess Festival","🏆 The top three players of the Futures tournament at the Prague International Chess Festival 2026: 

1. Kaja Rzadkowska
2. Christina Jordan
3. Zuzana Stará

Congratulations! ♟️🏆

Tohle jsou tři nejlepší hráčky turnaje Futures na Pražském šachovém festivalu 2026. Gratulujeme!",0,"03/08/2026 07:46",https://www.instagram.com/p/DVoJe2iDOtl/,"IG image",,Dlouhodobě,4800,2304,141,6,1,2,3
18086602853180636,17841409576254354,praguechessfestival,"Prague Chess Festival","🏆 The top three players of the Challengers tournament at the Prague International Chess Festival 2026:

1. Václav Finěk
2. @daniel_yuffa 
3. @divyachess 

Congratulations! ♟️🏆

Tohle jsou tři nejlepší hráči a hráčky turnaje Challengers na Pražském šachovém festivalu 2026. Gratulujeme!",0,"03/08/2026 07:42",https://www.instagram.com/p/DVoJBATjL2k/,"IG image",,Dlouhodobě,1333,675,46,2,0,0,1
18082695896254066,17841409576254354,praguechessfestival,"Prague Chess Festival","🏆 The top three players of the Masters tournament at the Prague International Chess Festival 2026:

1. @abdusattorov_nodirbek_official

2. @parhammaghsoodloo

3. Aravindh Chithambaram

Congratulations! ♟️🏆

Tohle jsou tři nejlepší hráči turnaje Masters na Pražském šachovém festivalu 2026. Gratulujeme!",0,"03/08/2026 07:39",https://www.instagram.com/p/DVoIrb4DAwD/,"IG image",,Dlouhodobě,3453,1825,199,2,1,1,3
18097706794971621,17841409576254354,praguechessfestival,"Prague Chess Festival","One more look back at Prague International Chess Festival 2026 – here’s what the final day looked like.♟️

Pojďme se ještě jednou ohlédnout za Prague International Chess Festival 2026 a jeho napínavým závěrečným dnem.♟️",210,"03/08/2026 04:35",https://www.instagram.com/reel/DVnzWN9ATQN/,"IG reel",,Dlouhodobě,1032,634,46,2,0,0,6
18073726646408581,17841409576254354,praguechessfestival,"Prague Chess Festival","💐 Happy International Women’s Day to our brilliant players and friends! We will always strive to do more for women behind every kind of chessboard. You are our heroines, and we can’t wait to see your next moves in the world! Thank you @fidewomen and @europeanchessunion for helping move the pieces in this endeavor.

🇨🇿 💐 Krásný Mezinárodní den žen našim skvělým hráčkám a přítelkyním festivalu! Budeme se vždy snažit dělat ještě více pro ženy v našem sportu. U každé partie, u každé šachovnice. Jste naše hrdinky a už se nemůžeme dočkat vašich dalších tahů ve světě! Děkujeme @fidewomen a @europeanchessunion za pomoc při každém tahu s cílem být ještě lepší.
.
📸 Petr Vrabec
#chess #womenschess #internationalwomensday",0,"03/08/2026 00:09",https://www.instagram.com/p/DVncBp5DnZS/,"IG carousel",,Dlouhodobě,3870,1489,126,3,0,1,6
18389428936152127,17841409576254354,praguechessfestival,"Prague Chess Festival","🔎 6 Brilliant Moves in One Game. And it happens to be our beloved David Navara. Last year we hung out with @gothamchess in Prague, and now Levy is spreading some love for the Czech legend. Take a peek and check the full video in our bio! ☝️

🇨🇿 🔎 6 brilantních tahů v jedné partii. A jejich autorem není nikdo jiný než náš David Navara. Loni jsme se s GothamChess potkali v Praze a teď Levy šíří trochu lásky k české legendě. Mrkněte na ukázku a celé video najdete v našem biu! ☝️
.
#PICF #PICF2026 #GothamChess #PragueMasters #PragueChess #DavidNavara",54,"03/07/2026 22:34",https://www.instagram.com/reel/DVnRHtUgnV5/,"IG reel",,Dlouhodobě,2639,1744,111,3,3,0,1
18403324255182182,17841409576254354,praguechessfestival,"Prague Chess Festival","🏆 @praguechessfestival has its first ever two-time Masters champion! After winning in 2024, Uzbek grandmaster @abdusattorov_nodirbek_official adds another triumph! Let's hear the winner! 💬

🇨🇿 🏆 Pražský šachový festival má svého prvního dvojnásobného vítěze turnaje Masters! Po triumfu v roce 2024 přidává uzbecký velmistr Nodirbek Abdusattorov další vítězství. Pojďme si poslechnout, co měl po svém prvenství na srdci! 💬
.
#PICF #PICF2026 #chess #PragueMasters #nodirbekabdusattorov",121,"03/07/2026 14:26",https://www.instagram.com/reel/DVmZSItgoft/,"IG reel",,Dlouhodobě,4541,3461,233,1,5,10,4
18400401976176351,17841409576254354,praguechessfestival,"Prague Chess Festival","INTERVIEW, only in Czech language: Why is it worth coming to see the Prague International Chess Festival in person? And what makes chess attractive for spectators? @matej_konig_official shares his thoughts. 🔥💯♟️

Proč stojí za to přijít na Pražský šachový festival osobně? A v čem jsou šachy divácky atraktivní? To prozradil @matej_konig_official. 🔥💯♟️",81,"03/07/2026 07:18",https://www.instagram.com/reel/DVloPUXCvfe/,"IG reel",,Dlouhodobě,1628,1010,27,0,0,0,1
18101968057911617,17841409576254354,praguechessfestival,"Prague Chess Festival","Final round of the Prague International Chess Festival! Enjoy the photos from the last day. ♟️📸

Závěrečné kolo Pražského šachového festivalu! Užijte si fotky z posledního dne.",0,"03/07/2026 04:58",https://www.instagram.com/p/DVlYVZqDLqH/,"IG carousel",,Dlouhodobě,1735,700,79,0,0,0,4
17899422816400585,17841409576254354,praguechessfestival,"Prague Chess Festival","This is what the award ceremony of the Prague International Chess Festival looked like! Congratulations to the winners! ♟️🏆

Takhle vypadalo slavnostní vyhlášení vítězů Pražského šachového festivalu! Gratulujeme!",0,"03/07/2026 04:39",https://www.instagram.com/p/DVlWI8aDGZo/,"IG carousel",,Dlouhodobě,4569,2046,187,6,2,2,9
17901316857389938,17841409576254354,praguechessfestival,"Prague Chess Festival","🚗 Safe travels on your next journey, friends! The arrivals and departures of our players were covered brilliantly, as always, by @autotechnologi. And as a bonus, they were the first to introduce Gukesh’s geeky look. Thank you for being our transportation partner! 🤝

🇨🇿 🚗 Šťastnou cestu za dalším dobrodružstvím, přátelé! Příjezdy a odjezdy našich hráčů jako vždy skvěle zajišťovala společnost Autotechnologi. A navíc byla první, kdo představil Gukeshův „geekovský“ look. Děkujeme, že jste naším dopravním partnerem! 🤝
.
#PICF #PICF2026 #Autotechnologi #transportation #Gukesh #chess #PragueMasters #PragueChess",0,"03/07/2026 04:09",https://www.instagram.com/p/DVlSvphDLZm/,"IG carousel",,Dlouhodobě,15449,7305,698,14,14,4,36
17878989741482414,17841409576254354,praguechessfestival,"Prague Chess Festival","📣 Ladies and gentleman, winner of Prague Masters 2026: @abdusattorov_nodirbek_official 👏👏",0,"03/06/2026 11:52",https://www.instagram.com/p/DVji9D1jLBR/,"IG image",,Dlouhodobě,6672,2831,495,10,1,14,11
18116450815626668,17841409576254354,praguechessfestival,"Prague Chess Festival","And with that, the PICF2026 comes to an end. Thank you all kindly and we are looking forward to the next year´s Prague International Chess Festival 🤝

PICF2026 je oficiálně za námi. Všem mnohokrát děkujeme a těšíme se na vás za rok na dalším Pražském mezinárodním šachovém festivalu. 🤝",0,"03/06/2026 09:45",https://www.instagram.com/p/DVjUaTsDDTm/,"IG image",,Dlouhodobě,3047,1497,67,4,0,3,3
18084194476998412,17841409576254354,praguechessfestival,"Prague Chess Festival","The Closing Ceremony has started! 🔴

🥇🥈🥉 #PICF2026",298,"03/06/2026 09:14",https://www.instagram.com/reel/DVjQxFgDDqT/,"IG reel",,Dlouhodobě,2305,1231,84,4,0,0,7
18047318432710586,17841409576254354,praguechessfestival,"Prague Chess Festival","At the last moment, defending champion Aravindh Chithambaram secured a place on the podium! ♟️🥉🔥

What a finish! 👏✨

Na poslední chvíli si stupně vítězů zajistil obhájce loňského prvenství Aravindh Chithambaram! 👏✨",0,"03/06/2026 07:52",https://www.instagram.com/p/DVjHaxXDMU8/,"IG image",,Dlouhodobě,5477,3274,191,43,0,7,3
18092686550014842,17841409576254354,praguechessfestival,"Prague Chess Festival","With a win in the final round, Divya Deshmukh secured third place in the Challengers category! ♟️🥉🔥

What a performance! 👏✨

Vítězstvím v posledním kole si třetí místo v kategorii Challengers zajistila Divya Desmukh. ♟️🥉🔥

Velká gratulace! 👏✨",0,"03/06/2026 07:47",https://www.instagram.com/p/DVjG6xVDNGX/,"IG image",,Dlouhodobě,39207,21564,2988,37,8,24,59
18074715773572224,17841409576254354,praguechessfestival,"Prague Chess Festival","A partial joy for the home crowd came in the Futures, where Zuzana Stará claimed the bronze medal! ♟️

Congratulations! 👏🎉

Dílčí radost ve Futures udělala domácímu publiku bronzovou pozicí Zuzana Stará. ♟️
Gratulujeme! 👏🎉",0,"03/06/2026 07:44",https://www.instagram.com/p/DVjGkNnDA0E/,"IG image",,Dlouhodobě,5207,2291,92,0,0,0,5
18093915191012055,17841409576254354,praguechessfestival,"Prague Chess Festival","Thanks to a win in the final round, Iranian grandmaster Parham Maghsoodloo jumped to second place in the Masters! ♟️🥈

Great job, Parham! 👏🔥

Díky výhře v posledním kole poskočil na konečné druhé místo v Masters íránský velmistr Parham Maghsoodloo. Skvělá práce ♟️🥈",0,"03/06/2026 07:37",https://www.instagram.com/p/DVjFs2rDKi5/,"IG image",,Dlouhodobě,3278,1483,75,1,0,0,0
18075427697135481,17841409576254354,praguechessfestival,"Prague Chess Festival","With a strong finish in the final stages of the tournament, Daniil Yuffa surged up the standings and it was enough to secure second place! ♟️🥈🔥
Congratulations! 👏🎉

V závěru turnaje mohutně dotahoval, nakonec to Daniilu Yuffovi stačilo k druhému místu. Gratulujeme!",0,"03/06/2026 07:34",https://www.instagram.com/p/DVjFYfwDJ4z/,"IG image",,Dlouhodobě,2875,1309,29,0,0,0,0
17866649862592623,17841409576254354,praguechessfestival,"Prague Chess Festival","Second place in the Futures goes to Switzerland’s Christina Jordan! ♟️
Congratulations! 👏🎉

Druhé místo ve Futures patří Švýcarce Christině Jordan! ♟️
Blahopřejeme 👏🎉",0,"03/06/2026 07:31",https://www.instagram.com/p/DVjFGZCDG1x/,"IG image",,Dlouhodobě,4213,1902,58,2,0,1,6
18314218744280476,17841409576254354,praguechessfestival,"Prague Chess Festival","The trio of champions is complete! 🏆♟️

The Futures category was won by Kaja Rzadkowska! 👑🇵🇱

In the final round, she was greatly helped by her younger sister Lila, who held Jordan from Switzerland to a draw. 🤝♟️Polska górą!

Trio vítězů je kompletní! 🏆♟️
Kategorii Futures opanovala Kaja Rzadkowska! V závěrečném kole jí výrazně pomohla její mladší sestra Lila, která zremizovala partii se Švýcarkou Jordanovou. Gratulace do Polska!!",0,"03/06/2026 07:05",https://www.instagram.com/p/DVjCEjgDGmR/,"IG image",,Dlouhodobě,8934,3624,172,9,0,7,5
17917774686122059,17841409576254354,praguechessfestival,"Prague Chess Festival","Home fans have something to celebrate! 🇨🇿🎉
The Challengers category was won by 16 years old local star Václav Finěk! ♟️🏆

The young Czech left nothing to chance and defeated Thomas Beerdsen of the Netherlands in the final round. 🔥♟️

See you in the Masters, Václav! 👑🚀

Domácí fanoušci mohou slavit! Kategorii Challengers ovládl domácí borec Václav Finěk!🎉
Mladý Čech neponechal nic náhodě a v závěrečném kole porazil Nizozemce Thomase Beerdsena. 
Tak na viděnou v Masters, Václave! 👑🚀",0,"03/06/2026 06:10",https://www.instagram.com/p/DVi7yx2jO8Y/,"IG image",,Dlouhodobě,6609,3028,140,8,0,0,3
18194563993351026,17841409576254354,praguechessfestival,"Prague Chess Festival","PICF has its first ever two-time Masters champion! ♟️🏆
After winning in 2024, Uzbek grandmaster Nodirbek Abdusattorov adds another triumph in 2026. 👑

PICF má historicky prvního dvojnásobného šampiona v Masters.♟️🏆
Po vítězství v roce 2024 přidává triumf v roce 2026 uzbecký velmistr Nodirbek Abdusattorov. 👑",0,"03/06/2026 05:06",https://www.instagram.com/p/DVi0dcSDJkP/,"IG image",,Dlouhodobě,16545,7899,761,40,4,31,13
17958406718917204,17841409576254354,praguechessfestival,"Prague Chess Festival","🏆 Name on the trophy. The incredible work of @ajetolindava will be on display once again tonight. These extraordinary gentlemen know its worth. Will history repeat itself, or should we welcome a new holder?

🇨🇿 🏆 Jedno jméno na trofeji. Úžasná práce @ajetolindava bude dnes večer opět k vidění. Tito mimořádní velmistři dobře vědí, jakou má hodnotu. Bude se historie opakovat, nebo přivítáme nového držitele trofeje?
.
#PICF #PICF2026 #ajeto #glass #trophy #chess #PragueChess #PragueMasters",0,"03/06/2026 03:30",https://www.instagram.com/p/DVipbopDLPz/,"IG carousel",,Dlouhodobě,6392,2167,99,3,0,0,8
18177278065380962,17841444734142030,lichessdotorg,Lichess,"Impressions from the Prague International Chess Festival 2026 🤩

The final round has just started.

GM Nodirbek Abdusattorov leads the Masters with 5.5, ahead of Jorden van Foreest on 5 points, and plays against GM Hans Niemann in his last game. 

16-year-old Czech IM Václav Finěk leads the Challengers by half a point, followed by GM Daniil Yuffa in 2nd place. Finěk faces GM Thomas Beerdsen with the black pieces today.

Follow all the games on Lichess!

📷 @dominik.toepfer 

#PICF #PragueChess",0,"03/06/2026 02:58",https://www.instagram.com/p/DVilx8rjIZN/,"IG carousel",,Dlouhodobě,15600,5957,496,13,,4,0
17853086022652022,17841409576254354,praguechessfestival,"Prague Chess Festival","Final round. Who will take the crown? 👑💯

🇨🇿 Je tu finále. Kdo bude korunován vítězem?
.
#PICF #PICF2026 #chess #PragueMasters @czech_innhotels @hotelgiovanniprg",0,"03/06/2026 02:18",https://www.instagram.com/reel/DVihN2jDOMs/,"IG reel",,Dlouhodobě,2694,1612,34,0,0,0,1
18074143685572199,17841409576254354,praguechessfestival,"Prague Chess Festival","Our champion from last year, Aravindh Chithambaram from India, grabbed his third victory in this year's edition! 🔥 He beat Jorden Van Foreest with black pieces. Listen to his interview with @keti_tsatsalashvili 🗣️👇

Poslechněte si rozhovor s loňským šampionech Aravindhem. 🇮🇳🔥",69,"03/06/2026 01:15",https://www.instagram.com/reel/DViY_90jBa1/,"IG reel",,Dlouhodobě,5827,3893,96,2,0,1,3
18084703241185725,17841409576254354,praguechessfestival,"Prague Chess Festival","In the Challengers category, the home player Václav Finěk will defend his first place! From second place, Daniil Yuffa will challenge another Czech player Jáchym Němec. ♟️

V kategorii Challengers bude hájit prvenství domácí borec Václav Finěk! Daniil Yuffa z druhého místa vyzve jiného Čecha Jáchyma Němce. ♟️",0,"03/06/2026 00:41",https://www.instagram.com/p/DViWLYKjLKt/,"IG image",,Dlouhodobě,2887,1368,16,0,0,0,1
18573817342014984,17841409576254354,praguechessfestival,"Prague Chess Festival","Everything has been building toward this moment. Will Nodirbek Abdusattorov become the first two-time Prague champion in history? We start at 11:00! ♟️

Vše spělo k tomuto okamžiku. Stane se Abdusattorov prvním dvojnásobným pražským šampionem v historii? Startujeme už v 11:00! ♟️",0,"03/06/2026 00:31",https://www.instagram.com/p/DViU9acjFAd/,"IG image",,Dlouhodobě,7635,4806,35,6,0,1,1
17945512542129441,17841409576254354,praguechessfestival,"Prague Chess Festival","There you go, the best moments of round eight! ♟️✨

🎥 & 🎬 @dominika_charvatova 🔥

Užijte si výběr toho nejlepšího z osmého kola! 😊",72,"03/05/2026 22:15",https://www.instagram.com/reel/DViFZ2_jrHp/,"IG reel",,Dlouhodobě,2733,1732,37,1,0,0,5
18002133503714842,17841409576254354,praguechessfestival,"Prague Chess Festival","☕ Ready for the final day? The royal game is beautiful, but sometimes you need something to give it an extra boost. We're very glad that @grupamokate, one of our partners, was there for exactly that. Thank you for the hot drinks and snacks during this year’s @praguechessfestival! 🙏

🇨🇿 ☕ Připraveni na finálový den? Královská hra je krásná, ale někdy potřebujete něco, co jí dodá trochu energie navíc. Jsme moc rádi, že tu s námi byl jeden z našich partnerů, Grupa Mokate. Děkujeme za horké nápoje a občerstvení během letošního Pražského šachového festivalu! 🙏
.
📸 Petr Vrabec
#PICF #PICF2026 #GrupaMokate #Mokate #chess #PragueMasters",0,"03/05/2026 21:30",https://www.instagram.com/p/DViAOdxFwYH/,"IG carousel",,Dlouhodobě,2808,1254,22,0,0,0,1
17952917181082057,17841409576254354,praguechessfestival,"Prague Chess Festival","Today we welcomed sports influencer @matej_konig_official to the Prague International Chess Festival, where he made the ceremonial first move of Round 8. ♟️❤️

Dnes nás na Pražském šachovém festivalu navštívil sportovní influencer @matej_konig_official, který se ujal úvodního tahu 8. kola. Díky za návštěvu! ♟️❤️",0,"03/05/2026 14:35",https://www.instagram.com/p/DVhQyV6DOUz/,"IG carousel",,Dlouhodobě,9740,6837,50,1,0,0,2
17949611702961004,17841409576254354,praguechessfestival,"Prague Chess Festival","Never satisfied, that’s the mindset of a champion! 💪 American GM @hans_niemann gives honest interview after beating David Anton Guijarro in round eight. ♟️⚡

Rozhovor s Hansem Niemannem po jeho vítězství v osmém kole Masters!",113,"03/05/2026 13:39",https://www.instagram.com/reel/DVhJ2m-DBpZ/,"IG reel",,Dlouhodobě,12725,7829,269,7,2,6,14
17926982991232885,17841409576254354,praguechessfestival,"Prague Chess Festival","Four players in contention for the title! That's what we like to see! 😎

Před posledním kolem jsou ve hře o titul čtyři šachisté! To se nám líbí. 😊",0,"03/05/2026 12:25",https://www.instagram.com/p/DVhB53zjMVK/,"IG image",,Dlouhodobě,6115,3589,27,1,0,1,1
17982435407973268,17841409576254354,praguechessfestival,"Prague Chess Festival","Will @abdusattorov_nodirbek_official repeat his triumph from two years ago? He's very close! ♟️

Zopakuje Nodirbek Abdusattorov titulovou jízdu z roku 2024? Před posledním kolem je blízko! 🔥",0,"03/05/2026 12:05",https://www.instagram.com/p/DVg_kIrDD-C/,"IG image",,Dlouhodobě,9754,8824,294,10,2,8,2
17876674701523727,17841409576254354,praguechessfestival,"Prague Chess Festival","Two wins today in Challengers! ♟️💥Congrats @daniel_yuffa and @bgledura! 🔥

Daniel Yuffa a Benjamin Gledura dokázali v osmém kole zvítězit! ✨",0,"03/05/2026 11:54",https://www.instagram.com/p/DVg-JNXjFAl/,"IG image",,Dlouhodobě,6874,4105,34,2,0,0,0
18424535923186224,17841409576254354,praguechessfestival,"Prague Chess Festival","We have a new leader! 👀 After beating David Navara, @abdusattorov_nodirbek_official climbs to the highest position in the Masters category! 🔥

Po osmi kolech máme nového lídra! 💥 Je jím Nodirbek Abdusattorov! 🤩",0,"03/05/2026 11:37",https://www.instagram.com/p/DVg8DA-DFIB/,"IG image",,Dlouhodobě,14828,7997,259,13,4,10,7
17917190793127282,17841409576254354,praguechessfestival,"Prague Chess Festival","Time really flies, here are pictures from round 8 already! 😍♟️ 

📸 @zewlakk_foto 

Užijte si fotky z osmého kola! ✨🔥",0,"03/05/2026 10:53",https://www.instagram.com/p/DVg3WHUjOyi/,"IG carousel",,Dlouhodobě,6644,2288,156,9,3,1,5
18094573706088947,17841409576254354,praguechessfestival,"Prague Chess Festival","Current leader of the Masters category - @jordenvforeest - spoke to us before the start of the festival. 🗣️Enjoy the interview! 👇

Medailonek aktuálního lídra kategorie Masters - Jordena Van Foreesta - k Vašim službám. 😊

#chess #prague #masters #netherland #chessplayer",133,"03/05/2026 08:21",https://www.instagram.com/reel/DVglf2-DBUF/,"IG reel",,Dlouhodobě,1319,953,43,1,1,0,0
17985661064956197,17841409576254354,praguechessfestival,"Prague Chess Festival","ROUND 8 - LET'S GO CHESS! ♟️

#chess #prague #festival",25,"03/05/2026 07:54",https://www.instagram.com/reel/DVgiBifDEnf/,"IG reel",,Dlouhodobě,5712,3934,133,6,3,0,2
18072035609535347,17841409576254354,praguechessfestival,"Prague Chess Festival","Our ambassador and world champion in beach volleyball Ondřej Perušič came by yesterday. ✨ And he won his game in @karel252 Open tournament! 🔥

Ambasador festivalu a mistr světa v plážovém volejbale Ondřej Perušič si přišel zahrát 8. kolo turnaje Karel Janeček Open. A vyhrál! 💪

#chess #beachvolleyball #world #champion",0,"03/05/2026 05:05",https://www.instagram.com/p/DVgPimtDBBx/,"IG carousel",,Dlouhodobě,2696,1081,51,1,0,0,1
17981363426806272,17841409576254354,praguechessfestival,"Prague Chess Festival","So, who will lead the Challengers category after round eight? 🤔♟️ We find out tonight! ⏰

Kdo bude v čele Challengers po osmi kolech? To zjistíme dnes večer! 💥

#prague #festival #challengers",0,"03/05/2026 03:05",https://www.instagram.com/p/DVgB3E3DCOF/,"IG image",,Dlouhodobě,5730,4075,20,2,0,0,0
17868848076477308,17841409576254354,praguechessfestival,"Prague Chess Festival","We can almost see the chequered flag! 🏁♟️ The penultimate round is here. 🤩 Come to @hotelgiovanniprg and watch the games. 👀

Blížíme se do cíle! 💥 Předposlední kolo je tady! Přijďte se podívat na další skvělé partie do Hotelu Don Giovanni v Praze. 🍿

#prague #chess #festival",0,"03/05/2026 03:00",https://www.instagram.com/p/DVgBOKJDIJf/,"IG image",,Dlouhodobě,6093,4017,34,6,0,1,2
18394063081198175,17841409576254354,praguechessfestival,"Prague Chess Festival","Round 7 in pictures! 

by: @zewlakk_foto 

Najdete se na fotkách ze sedmého kola?",0,"03/05/2026 02:55",https://www.instagram.com/p/DVgAoAvjD55/,"IG carousel",,Dlouhodobě,1598,645,47,2,0,0,2
18111784384674003,17841409576254354,praguechessfestival,"Prague Chess Festival","Nodirbek Abdusattorov will face David Navara today in a direct clash for second place. 🔥 He could easily have been leading the tournament, but Jorden van Foreest managed to hold a draw yesterday. What did the Uzbek number one say about the game against the Dutch player? ♟️

Nodirbek Abdusattorov dnes v přímém souboji o druhé místo vyzve Davida Navaru. Klidně mohl turnaji vévodit, ale Jorden van Foreest včera uhájil remízu. Co na partii proti Nizozemci říkala uzbecká jednička? 🗣️

#prague #chess #festival",104,"03/05/2026 02:33",https://www.instagram.com/reel/DVf958ljPW6/,"IG reel",,Dlouhodobě,4595,3117,146,5,1,8,6
18113680618656708,17841409576254354,praguechessfestival,"Prague Chess Festival","The only win in yesterday’s Masters was secured by world number four Vincent Keymer. Listen to his immediate reactions after his victory over Guijarro.

Jedinou včerejší výhru v Masters obstarala světová čtyřka Vincent Keymer, poslechněte si jeho bezprostřední dojmy po vítězství nad Guijarrem",0,"03/05/2026 01:58",https://www.instagram.com/reel/DVf5sOQAZ91/,"IG reel",,Dlouhodobě,1365,1098,47,1,0,1,2
17934973332031566,17841409576254354,praguechessfestival,"Prague Chess Festival","Traditional roundup of the most interesting moments from yesterday. Tune in for the penultimate round! ♟️

Tradiční přehled toho nejzajímavějšího ze včerejšího dne. Nalaďte se na předposlední kolo!",99,"03/05/2026 01:50",https://www.instagram.com/reel/DVf44DmAQNp/,"IG reel",,Dlouhodobě,1113,746,44,3,0,0,3
17904328854371525,17841414561254274,ajetolindava,"AJETO | Glassworks & Tavern","The Art of Victory. 🏆 From the furnaces of Ajeto to the hands of the world's best. 
The stage is set. The glass is ready.The International Prague Festival 2026 finale is tomorrow! 🔥
#Ajeto #InternationalPragueFestival #IPF2026 #BohemianGlass #CzechGlass #GlassArt #AwardCeremony #PragueEvents #Masterpiece",0,"03/05/2026 00:11",https://www.instagram.com/p/DVft6uZja_a/,"IG image",,Dlouhodobě,2266,1269,31,2,,0,0
17869531641566218,17841409576254354,praguechessfestival,"Prague Chess Festival","""Jsem nadšen. Z @praguechessfestival se stal turnaj špičkové, světové úrovně,"" říká s velkou radostí matematik a sociální inovátor @karel252, který již řadu let náš svátek královské hry podporuje. Vřele děkujeme za přízeň vaší i @janecekfoundation. Bez vás bychom přicházeli o nejednoho pěšce! 🙏 💯

🇬🇧 “I’m thrilled. The Prague International Chess Festival has become a tournament of top, world-class level,” says mathematician and social innovator Karel Janeček, who has been supporting our celebration of the royal game for many years. Our heartfelt thanks go to you and the Janeček Foundation for your continued support. Without you, we would be missing more pawns, that you can imagine! 🙏 💯
.
#PICF #PICF2026 #KarelJaneček @decision_21 #PragueChess #PragueMasters",113,"03/04/2026 22:22",https://www.instagram.com/reel/DVfhWtDj6z7/,"IG reel",,Dlouhodobě,2054,1501,26,0,0,0,0
18064026575664270,17841409576254354,praguechessfestival,"Prague Chess Festival","The home players are thriving in the Challengers category! ♟️

V kategorii Challengers se daří domácím borcům! ♟️",0,"03/04/2026 14:22",https://www.instagram.com/p/DVeqeyYjLHq/,"IG image",,Dlouhodobě,4880,3340,11,1,0,0,0
18093020498020012,17841409576254354,praguechessfestival,"Prague Chess Festival","After his loss to compatriot Aravindh Chithambaram, Gukesh Dommaraju secured an important draw today against Parham Maghsoodloo. Have a listen to his impressions... ♟️

Po porážce od krajana Chithambarama dnes Gukesh uhrál dúležitou remízu s Maghsoodlooem. Poslechněte si jeho dojmy...",0,"03/04/2026 13:08",https://www.instagram.com/reel/DVehXcMgWO0/,"IG reel",,Dlouhodobě,7248,4275,239,13,7,6,32
18020188427813989,17841409576254354,praguechessfestival,"Prague Chess Festival","Did it turn out the way you expected among the Challengers today? ♟️

Dopadlo to dnes mezi Challengers tak jak jste čekali?",0,"03/04/2026 12:26",https://www.instagram.com/p/DVedNU7jJns/,"IG image",,Dlouhodobě,5320,3642,18,1,0,0,1
18089704307121552,17841409576254354,praguechessfestival,"Prague Chess Festival","It was an honor to have you here. We hope you enjoyed today as much as we did. Ladies and gentlemen — the beach volleyball world champion and PICF 2026 ambassador Ondřej Perušič.

Byla čest tě tu mít. Doufáme, že sis dnešek užil stejně jako my. Dámy a pánové - mistr světa v beachvolejbalu a ambasador PICF 2026 Ondřej Perušič.",128,"03/04/2026 12:03",https://www.instagram.com/reel/DVeaQPigU1-/,"IG reel",,Dlouhodobě,1657,1005,19,4,0,0,3
17896629030408290,17841409576254354,praguechessfestival,"Prague Chess Festival","We continue tomorrow with the penultimate round. ♟️

Pokračujeme zítra předposledním kolem.",0,"03/04/2026 11:42",https://www.instagram.com/p/DVeYJAojFYP/,"IG image",,Dlouhodobě,5499,3510,37,4,0,0,1
18573126967026794,17841409576254354,praguechessfestival,"Prague Chess Festival","Only one decisive result in round seven. Which game did you enjoy the most? ♟️
V sedmém kole jen jediný rozhodný výsledek. Jakou partii jste si užili nejvíc?",0,"03/04/2026 11:41",https://www.instagram.com/p/DVeYDj8DGFP/,"IG image",,Dlouhodobě,5786,3654,55,3,0,0,2
18095651542978409,17841409576254354,praguechessfestival,"Prague Chess Festival","No introduction needed for the Uzbek phenom Nodirbek Abdusattorov. The full interview with the world number five is available on our YouTube channel. ♟️
Netřeba představovat uzbeckého fenoména Nodirbeka Abdusattorova. Celý rozhovor se světovou pětkou k dispozici na našem Youtube kanálu.",127,"03/04/2026 07:03",https://www.instagram.com/reel/DVd4Ac4gcON/,"IG reel",,Dlouhodobě,6727,4837,487,37,13,11,20
18002748776708409,17841409576254354,praguechessfestival,"Prague Chess Festival","Již tradičně Pražský šachový festival klade velký důraz na podporu žen a nadějných slečen v šachovém světě. Jsme moc rádi, že jednou z tváří se letos stala také česká herečka a uznávaná spisovatelka Aňa Geislerová. Celý rozhovor s ní je už teď k dispozici na našem YouTube kanálu.",80,"03/04/2026 05:38",https://www.instagram.com/reel/DVduWBRgdW8/,"IG reel",,Dlouhodobě,1241,906,35,4,0,0,4
18069741887647230,17841409576254354,praguechessfestival,"Prague Chess Festival","The Masters section today offers a direct clash for the provisional lead. The Uzbek phenom Nodirbek Abdusattorov will be putting pressure on Jorden van Foreest. Local hero David Navara will have the white pieces against Hans Niemann. ♟️

Masters sekce dnes nabízí přímý souboj o průběžné vedení. Uzbecký fenomén Abdusattorov bude tlačit na van Foreesta. Domácí borec Navara bude hrát bílými proti Niemannovi. ♟️",0,"03/04/2026 04:11",https://www.instagram.com/p/DVdkn6sjCDd/,"IG image",,Dlouhodobě,13115,9132,36,6,0,1,0
18093510821097470,17841409576254354,praguechessfestival,"Prague Chess Festival","We have the last three rounds ahead of us! Who do you see as the favorite to win today?

Jsou před námi poslední tři kola! Koho favorizujete na výhru v tom dnešním?",0,"03/04/2026 04:04",https://www.instagram.com/p/DVdjzoQDOV6/,"IG image",,Dlouhodobě,1930,1102,14,1,0,0,0
17999044805879743,17841409576254354,praguechessfestival,"Prague Chess Festival","Highlights of day six! At your service! Enjoy ♟️✨🤩

Made by our own @dominika_charvatova 💪🎬

Užijte si souhrn toho nejlepšího, co nabídl šestý hrací den. 😊🔥

#chess #prague #instadaily",0,"03/04/2026 02:34",https://www.instagram.com/reel/DVdY8DYjMse/,"IG reel",,Dlouhodobě,3487,2450,38,5,0,0,3
17897381691407377,17841409576254354,praguechessfestival,"Prague Chess Festival","Round six in pictures! 📸✨

by @zewlakk_foto 🔥

Šesté kolo v obrazech. 🖼️ 

#chess #photo #pic #photographer",0,"03/03/2026 23:15",https://www.instagram.com/p/DVdCuibjLkW/,"IG carousel",,Dlouhodobě,6751,2827,115,14,1,1,3
17909889165346183,17841409576254354,praguechessfestival,"Prague Chess Festival","How does it feel to beat world champion? 🔥 @aravindhachithambaram knows that feeling! 💪♟️

Jaké to je porazit úřadujícího mistra světa? Aravindh Vám to řekne! 🗣️ 

#chess #indian #clash #prague #masters",49,"03/03/2026 21:49",https://www.instagram.com/reel/DVc4Gh1jC30/,"IG reel",,Dlouhodobě,12182,9946,55,4,1,0,4
18044298398513062,17841409576254354,praguechessfestival,"Prague Chess Festival","He's oldest player in Masters category. Also he's still undefeated! 💪♟️ David Navara keeps playing fantastic chess. Today he drew against leader Jorden Van Foreest. Listen to his interview with lovely @keti_tsatsalashvili 🎙️🎧

Je nejstarší v kategorii Masters, má nejnižší ELO. Ale David Navara letos ukazuje, že na věku opravdu nezáleží! 🔥🤩 Dnes remizoval s lídrem tabulky Jordenem Van Foreestem a je dál druhý o půl bodu! Poslechněte si, co říkal po šestém kole. 👇

#chess #czech #legend",104,"03/03/2026 12:59",https://www.instagram.com/reel/DVb7kA5DBXR/,"IG reel",,Dlouhodobě,3403,2190,107,3,2,3,2
17878181526501482,17841409576254354,praguechessfestival,"Prague Chess Festival","GM @jordenvforeest still in the lead after six rounds in Masters category! 💪♟️But David Navara and @abdusattorov_nodirbek_official are close! Reigning world champion Gukesh is last! 👀 

Nizozemec Jorden Van Foreest vede i 6. kole v Masters. Ale David Navara s Nodirbekem Abdusattorovem jsou blízko ! Úřadující mistr světa Gukesh se trápí a klesl na poslední misto! 🤯

#chess #masters #prague",0,"03/03/2026 12:17",https://www.instagram.com/p/DVb20YpDGk7/,"IG image",,Dlouhodobě,7483,4588,73,5,0,2,1
18337387324242368,17841409576254354,praguechessfestival,"Prague Chess Festival","Czech wonderkid still shines at the top! 🤩 Václav Finěk has four and a half points after six rounds in Challengers category. 🇨🇿💪

Český talent stále v čele Challengers! Po šesti kolech má čtyři a půl bodu. ♟️🙏",0,"03/03/2026 11:32",https://www.instagram.com/p/DVbxzIuDKWC/,"IG image",,Dlouhodobě,6080,3636,40,2,0,0,0
18072482003442302,17841409576254354,praguechessfestival,"Prague Chess Festival","♟️ Over FOUR HUNDRED players participate this year in Karel Janeček OPEN tournament.🔥🎩

Thank you!!! 🙏

V Open kategorii Vás hraje vic než 400. 🤯 Wow. ✨

#chess #open #tournament

📸 @zewlakk_foto",0,"03/03/2026 09:23",https://www.instagram.com/p/DVbje-QjA3h/,"IG carousel",,Dlouhodobě,4565,2313,191,12,9,3,6
17957976203924670,17841409576254354,praguechessfestival,"Prague Chess Festival","“I have positive memories from the last time. There are many strong players here and Prague is a beautiful city.” ♟️ Grandmaster @hans_niemann came back to our festival, you can enjoy full interview on our Youtube channel. 👇

🗣️ “Mám na Prahu dobré vzpomínky. Je tady mnoho skvělých hráčů a město je překrásné,” říkal před startem dalšího ročníku našeho festivalu Hans Niemann. Celý rozhovor si můžete pustit na našem youtube kanálu. ▶️

#chess #chessplayer #usa",132,"03/03/2026 08:18",https://www.instagram.com/reel/DVbblVRjOGF/,"IG reel",,Dlouhodobě,20007,12434,547,28,4,11,40
18070828448207644,17841409576254354,praguechessfestival,"Prague Chess Festival","Day six in progress! 🫶✨🔥

Šesté kolo začalo! ♟️

#chess #chessplayer #chessboard",15,"03/03/2026 06:48",https://www.instagram.com/reel/DVbRbnyDM77/,"IG reel",,Dlouhodobě,3367,2401,89,13,1,0,2
18170673544393544,17841409576254354,praguechessfestival,"Prague Chess Festival","Can Václav Finěk extend his lead in Challengers category? 🔥♟️ We find out today! 🤩

Navýší Václav Finěk v šestém kole svůj náskok v čele kategorie Challengers? To zjistíme dnes po 15té hodině! 💥

#prague #chess #festival #challengers",0,"03/03/2026 04:35",https://www.instagram.com/p/DVbCj_1jEYB/,"IG image",,Dlouhodobě,6033,4275,19,3,0,0,0
18080454665358623,17841409576254354,praguechessfestival,"Prague Chess Festival","Battle of the best! ♟️⚔️ Highlight of the 6th round in Masters category is going to be @jordenvforeest 🆚 David Navara! 🔥

Čeká nás bitva těch nejlepších! V šestém kole se mimo jiné utkají hráči č. 1 a 2 v aktuální tabulce. Tedy Jorden Van Foreest a David Navara. 💥

#chess #prague #festival",0,"03/03/2026 04:30",https://www.instagram.com/p/DVbB8QdDNj_/,"IG image",,Dlouhodobě,15598,10849,63,8,1,0,3
18092153972044887,17841409576254354,praguechessfestival,"Prague Chess Festival","Women’s Chess Day in Prague! ♟️✨ While the Masters, Challengers, and Futures tournaments had a rest day, we decided to honor all women chess players. Czech actress @geislerka also joined us for this special occasion. 🇨🇿 💛

Šachový den žen v Praze! ♟️✨ Zatímco turnaje Masters, Challengers i Futures měli volný den, my jsme se rozhodli vzdát čest všem šachistkám. A dorazila i česká herečka Aňa Geislerová. 🇨🇿 💛
.
#PICF #PICF2026 #ChessWomensDay #AnaGeislerova #PiaCramling @hoteltowersprg",89,"03/03/2026 03:08",https://www.instagram.com/reel/DVa4gcfILCQ/,"IG reel",,Dlouhodobě,1758,1209,39,6,0,2,3
18067843412257193,17841452626244289,fidewomen,"FIDE Commission for Women's Chess","✨ A special and inspiring moment at the Prague Chess Festival ♟️

Participants of the Futures tournament - together with their parents - had the wonderful opportunity to attend a lecture by legendary GM Pia Cramling!

Spending time with one of the true icons of women’s chess, listening to her reflections and experiences, is something truly rare and valuable. For the young players, it was an inspiring moment; for parents, a meaningful chance to gain perspective from someone who has dedicated her life to the game.

Experiences like this make the Futures tournament so much more than a competition. They create connection, motivation, and a sense of belonging to the wider chess community👏

We are proud to once again partner with the organisers of the Prague Chess Festival @praguechessfestival, whose dedication continues to provide young chess girls with unforgettable opportunities - both on and off the board🤍♟️

#chess #womeninchess #rolemodels

Photos by @denisburko88",0,"03/03/2026 01:28",https://www.instagram.com/p/DVatLJqiIg-/,"IG carousel",,Dlouhodobě,3594,1386,98,1,,2,0
18425777152189577,17841409576254354,praguechessfestival,"Prague Chess Festival","We have a special message for @piaanncramling : Listen to what meeting her chess idol and role model, Pia Cramling, means to Małgorzata Nowak. ♟️❤️

Máme tady jeden vzkaz pro Piu Cramling: Poslechněte si, co pro Malgorzatu Nowak znamená setkání s jejím šachovým idolem a vzorem Piou Cramling.",0,"03/03/2026 00:51",https://www.instagram.com/reel/DVaoj26jMR1/,"IG reel",,Dlouhodobě,925,654,18,0,2,1,3
18105723313655588,17841409576254354,praguechessfestival,"Prague Chess Festival","Women’s Chess Day also welcomed popular Czech actress @geislerka, who made the ceremonial first move to open @piaanncramling’s simultaneous exhibition against the participants of the Futures tournament. The magic of chess was introduced to the actress by @divyachess, who taught her the basic moves and rules of the game. Thank you Aňa and Divya!❤️Other distinguished guests were also in attendance, including Bessel Kok. It was a wonderful day dedicated to women in chess! ♟️💫

Na Ženský šachový den dorazila také česká populární herečka Aňa Geislerová, která úvodním tahem zahájila simultánku Pii Cramling s účastnicemi turnaje Futures. Kouzlo šachu ukázala české herečce Divya Deshmuk, která ji naučila základní tahy a pravidla. Přišli i další významní hosté, mezi nimi například Bessel Kok. Byl to skvělý den věnovaným ženám - šachistkám! ♟️💫",0,"03/03/2026 00:31",https://www.instagram.com/p/DVamkbiDEMH/,"IG carousel",,Dlouhodobě,46969,32510,436,19,1,5,66
18513366139074672,17841409576254354,praguechessfestival,"Prague Chess Festival","“No, it’s not up to you!” Sweet banter between @piaanncramling and Czech actress @geislerka ahead of the Futures simul. We’re pretty sure @divyachess also chipped in and advised Aňa with some truly out-of-the-box opening ideas! 😅

🇨🇿„Ne, tohle není na vás!“ Milé pošťuchování mezi Piou Cramling a českou herečkou Aňou Geislerovou před simultánkou Futures. Jsme si docela jistí, že se zapojila i Divya, která Aňe poradila pár opravdu netradičních zahájení! 😅
.
#PICF #PICF2026 #simul #chess #PragueChess",30,"03/02/2026 21:37",https://www.instagram.com/reel/DVaR1znDA87/,"IG reel",,Dlouhodobě,16606,11766,744,25,2,5,72
18101471143728947,17841429054627137,radiozurnal_sport,"Radiožurnál Sport","♟️💥 Magnus Carlsen v Praze? Šachová megastar má na @praguechessfestival otevřené dveře. 😎 Má to ale jednu podmínku. ☝️ 

Celý rozhovor s ředitelem festivalu @boleslav_petr nabídneme na Radiožurnálu sport v úterý po 17té hodině! 🎧📻

#sachy #chess #prague #festival",57,"03/02/2026 12:14",https://www.instagram.com/reel/DVZRvgvjEiv/,"IG reel",,Dlouhodobě,2281,1541,28,5,,0,0
18079606064376346,17841409576254354,praguechessfestival,"Prague Chess Festival","🎙️ ""We always need to support women, so we'll simply see more women playing chess."" @piaanncramling is our Futures role model for this year’s @praguechessfestival. Thank you so much for your kindness, lessons, and positive spirit! 💬

🇨🇿 🎙️ „Vždy musíme podporovat ženy, aby šachistek přibývalo."" Pia Cramling je pro naše Futures na Pražském šachovém festivalu velkým vzorem. Moc děkujeme za laskavost, cenné lekce a pozitivní energii! 💬
.
#PICF #PICF2026 #Futures #chess #PragueChess #PragueMasters",132,"03/02/2026 10:12",https://www.instagram.com/reel/DVZEPeqjUCU/,"IG reel",,Dlouhodobě,4136,2674,104,3,1,0,3
17996621147874759,17841409576254354,praguechessfestival,"Prague Chess Festival","🎓 Educating the next generation of chess players. Thank you, @piaanncramling, for being such an inspiring role model! ♟️

🇨🇿 🎓 Vzdělávání nové generace šachistů. Děkujeme Pie Cramling za to, že je pro ně tak skvělým vzorem! ♟️
.
📸 Petr Vrabec (@zewlakk_foto)
#PICF #PICF2026 #PiaCramling #Futures #PragueChess #PragueMasters",0,"03/02/2026 09:37",https://www.instagram.com/p/DVZAQuKDGpZ/,"IG carousel",,Dlouhodobě,4921,1855,114,14,0,0,1
18004496234891375,17841409576254354,praguechessfestival,"Prague Chess Festival","As part of Women’s Chess Day, @divyachess took on the role of chess instructor, explaining the basics of the game to Czech actress Aňa Geislerová. ♟️✨ We thank both remarkable women for being part of today’s event!

@divyachess se v rámci ženského šachového dne ujala role šachové lektorky, když vysvětlovala základy šachu české herečce Aně Geislerové. Děkujeme oběma významným ženám, že dorazily na dnešní událost!

#PICF #PICF2026 #chess #fidewomen #chesswomen #PragueChess",33,"03/02/2026 08:05",https://www.instagram.com/reel/DVY1oZcDFIU/,"IG reel",,Dlouhodobě,27268,21635,1618,62,11,10,147
18100509800507588,17841409576254354,praguechessfestival,"Prague Chess Festival","@piaanncramling is currently playing a simultaneous exhibition against the players of the Futures tournament! ♟️🔥 The simul is taking place as part of Women’s Chess Day at Grand Hotel Prague Towers.  Pia Cramling is currently playing a simultaneous exhibition against the players of the Futures tournament! ♟️🔥",28,"03/02/2026 07:23",https://www.instagram.com/reel/DVYwdAUDEFm/,"IG reel",,Dlouhodobě,3034,1972,53,5,1,0,2
18094615166479657,17841409576254354,praguechessfestival,"Prague Chess Festival","We welcome you to the premises of the Grand Hotel Prague Towers, where Women’s Chess Day is taking place today. ♟️Have a great time!❤️

Vítáme vás v prostorách Grand Hotel Prague Towers, kde se dnes koná Ženský šachový den. ♟️ Užijte si to! ❤️",39,"03/02/2026 05:08",https://www.instagram.com/reel/DVYgPTYDEoN/,"IG reel",,Dlouhodobě,3582,2357,112,4,5,0,4
18088242059132858,17841409576254354,praguechessfestival,"Prague Chess Festival","🎞️ @piaanncramling is here to support young talents. We also have some very exciting games and plenty of blitz action. Just before the break, all for you to enjoy. 💯

🇨🇿 🎞️ Pia Cramling je tady, aby podpořila mladé talenty. Nechybí ani velmi atraktivní partie a spousta bleskové akce před volným dnem v turnaji. Vše je pro vás připraveno ke zhlédnutí. 💯
.
#PICF #PICF2026 #chess #PragueChess #PragueMasters",90,"03/02/2026 05:05",https://www.instagram.com/reel/DVYhIVQiBE-/,"IG reel",,Dlouhodobě,2829,1920,34,4,0,0,4
18069991298234008,17841409576254354,praguechessfestival,"Prague Chess Festival","🤝 👩‍🦰 We invite you today to the @hoteltowersprg, where the #ChessWomensDay will take place. You can meet the Futures tournament ambassador @piaanncramling. The program will also include simultaneous exhibitions, games by leading Czech female representatives, and a screening of the award-winning documentary Sofonisba’s Chess Game. Free entry!

Read more on our website 👉 https://praguechessfestival.com/en/2026/clanek?id=570

🇨🇿 🤝 👩‍🦰 Dnes vás zveme do Grand Hotelu Prague Towers, kde proběhne Šachový den žen. Můžete se potkat s ambasadorkou turnaje Futures Piou Cramling. Na programu budou také simultánky, partie předních českých reprezentantek i projekce oceňovaného dokumentu Sofonisba’s Chess Game. Vstup je zdarma!

Více si přečtete na našem webu v sekci 'Doprovodné akce' 👉 https://praguechessfestival.com/cs/2026/clanek?id=569
.
#PICF #PICF2026 #chess #fidewomen #chesswomen #PragueChess",0,"03/02/2026 01:57",https://www.instagram.com/p/DVYLmftFL5W/,"IG image",,Dlouhodobě,3953,1915,50,5,0,2,2
18128483614480926,17841409576254354,praguechessfestival,"Prague Chess Festival","🧠 “I managed to keep my advantage. It’s always a joy to play @vincentkeymer2004.” Acknowledging his own game while also showing great respect for his opponent. Exactly the kind of sportsmanship we love to see from @parhammaghsoodloo. 🎙️

🇨🇿 🧠 „Podařilo se mi výhodu udržet, hrát proti Vincentu Keymerovi je vždy radost.“ Zhodnocení vlastní partie, ale zároveň velký respekt k soupeři. To je přesně ten přístup, za který si Parhama Maghsoodlooa velmi ceníme. 🎙️
.
#PICF #PICF2026 #Masters #PragueMasters #PragueChess",67,"03/02/2026 01:01",https://www.instagram.com/reel/DVYFLOQE8TM/,"IG reel",,Dlouhodobě,4741,3108,82,5,1,0,2
17967270743877167,17841409576254354,praguechessfestival,"Prague Chess Festival","🫸 🫷 Five exciting challenges behind them, four more to go. The group will take a day off and then return in pursuit of a spot in the Masters. We can’t wait! ♟️

🇨🇿🫸 🫷 Pět napínavých výzev je za nimi, čtyři další je čekají. Naši Challengers si teď vezmou den volna a poté se vrátí do boje o místo v Masters. Už aby to bylo! ♟️
.
#PICF #PICF2026 #chess #PragueMasters #PragueChess #Challengers",0,"03/01/2026 23:07",https://www.instagram.com/p/DVX4JHnDDm5/,"IG image",,Dlouhodobě,2309,1071,35,0,0,2,1
18257857438288338,17841409576254354,praguechessfestival,"Prague Chess Festival","🤗 Outstanding, masterful performances, all well worthy of a rest day. Enjoy the city, take a walk. We’ll be back tomorrow, chasing Van Leaders and cheering for David! No bias, of course! 📊

🇨🇿 🤗 Vynikající, mistrovské výkony. Všichni si plně zaslouží volný den. Užijte si město, vyrazte na procházku. Zítra jsme zpět, budeme nahánět Van Lídra a fandit Davidovi! Samozřejmě zcela nezaujatě! 📊
.
#PICF #PICF2026 #chess #PragueMasters #PragueChess #Masters",0,"03/01/2026 22:08",https://www.instagram.com/p/DVXxY3NjVzH/,"IG image",,Dlouhodobě,8609,5580,81,4,0,0,1
17884635720354803,17841409576254354,praguechessfestival,"Prague Chess Festival","📸 Pia’s move, Divya’s focus, and David’s selfies. And that’s just a glimpse of our photo highlights. Dive in! You can find the rest from Round 5 on our Zonerama.

🇨🇿 📸 Piin úvodní tah, Divyino soustředění a Davidova selfíčka. To je jen malá ochutnávka našich fotografických highlightů. Ponořte se do nich! Zbytek z 5. kola najdete na naší Zoneramě. 📸♟️

Photos by Petr Vrabec (@zewlakk_foto) https://eu.zonerama.com/PragueIntarnationalChessFestival/1697708",0,"03/01/2026 14:40",https://www.instagram.com/p/DVW-MaeDCRU/,"IG carousel",,Dlouhodobě,65769,45081,584,24,9,1,38
18556211515054515,17841409576254354,praguechessfestival,"Prague Chess Festival","💬 “Unfortunately, it’s normal for me to play crazy games.” But today’s outcome definitely puts @divyachess in a wonderful mood. Congratulations on your first win! 💯

🇨🇿 💬 „Bohužel je pro mě normální hrát bláznivé partie.“ Dnešní výsledek ale dostal Divyu Deshmukh do skvělé nálady. Gratulujeme k první výhře! 💯
.
#PICF #PICF2026 #chess #PragueMasters #PragueChess #DivyaDeshmukh",126,"03/01/2026 12:44",https://www.instagram.com/reel/DVWww4UCrnn/,"IG reel",,Dlouhodobě,40801,31043,2571,140,23,15,229
18008110484837050,17841409576254354,praguechessfestival,"Prague Chess Festival","🔥 What a round in the Masters category! You couldn’t find a draw there, friends. Quite a bang before the break! 🤯

🔥 🇨🇿 To bylo kolo v kategorii Masters! Remízu byste tam hledali marně, přátelé. Pořádná pecka před volným dnem! 🤯

Vote for the best game. Link in bio! / Hlasujte pro nejlepší partii, link najdete v biu! 👆
.
#PICF #PICF2026 #chess #PragueMasters #PragueChess",0,"03/01/2026 12:15",https://www.instagram.com/p/DVWthyHlfMp/,"IG image",,Dlouhodobě,6536,3240,131,8,6,5,5
17926934979237000,17841409576254354,praguechessfestival,"Prague Chess Festival","🗞️ Václav Finěk defends the lead, and the Indian clash goes to @divyachess. How is your favourite player doing ahead of the break?

🇨🇿 🗞️ Václav Finěk udržel vedení a indický souboj ovládla Divya Deshmukh. Jak si vede váš oblíbený hráč před přestávkou?
.
#PICF #PICF2026 #Challengers #PragueMasters #PragueChess",0,"03/01/2026 11:31",https://www.instagram.com/p/DVWofBbDM6s/,"IG image",,Dlouhodobě,3119,1487,33,1,0,0,1
18120292366591841,17841411816689917,chesscomindia,"Chesscom India","🇮🇳 Divya Deshmukh scored her first win of the event as Black against 🇮🇳 GM Surya Shekhar Ganguly in the fifth round of @praguechessfestival challengers event!",0,"03/01/2026 09:41",https://www.instagram.com/p/DVWb5DRkwM0/,"IG image",,Dlouhodobě,28621,13964,1583,20,,5,0
18114043342629367,17841409576254354,praguechessfestival,"Prague Chess Festival","🎙️ It’s all about preparation. Last year’s Challengers promotee @nodirbekyakubboev has his sights set high and we’re cheering him on. Take a look! More coming soon on our YouTube channel. 🔝

🇨🇿 🎙️ Vše je o přípravě. Loňský vítěz Challengers Nodirbek Yakubboev míří vysoko a my mu držíme palce. Podívejte se na ochutnávku. Více už brzy na našem YouTube kanálu. 🔝
.
#PICF #PICF2026 #NodirbekYakubboev #PragueMasters #PragueChess",100,"03/01/2026 09:05",https://www.instagram.com/reel/DVWXxogCUIW/,"IG reel",,Dlouhodobě,2732,1867,58,4,1,1,1
18094959574966184,17841409576254354,praguechessfestival,"Prague Chess Festival","🗳 Vote for the best game of the Round 5 is now open! Watch closely and decide who will claim the prize! 🥇 Link in bio! https://praguechessfestival.com/en/2026/vote

🇨🇿 🗳 Hlasování o nejlepší partii 5. kola je nyní otevřeno! Sledujte pozorně a rozhodněte, kdo si odnese cenu! Link na hlasování najdete v biu! https://praguechessfestival.com/cs/2026/vote
.
#PICF #PICF2026 #chess #PragueChess #PragueMasters #šachy",0,"03/01/2026 08:04",https://www.instagram.com/p/DVWQy9wjF5C/,"IG image",,Dlouhodobě,2058,998,41,2,0,0,0
18065747975303871,17841409576254354,praguechessfestival,"Prague Chess Festival","♟️⚡ Blitz o’clock! Our festival wouldn’t be complete without some fast-paced action. Check out the highlights!

🇨🇿⚡ Je čas na bleskovky! Náš festival by nebyl kompletní bez pořádné dávky rychlé akce. Podívejte se na ty nejlepší momenty! 
📷 Petr Vrabec (@zewlakk_foto)
.
#PICF #PICF2026 #chess #PragueMasters #blitzchess #blitz",0,"03/01/2026 06:33",https://www.instagram.com/p/DVWGZhAjxvE/,"IG carousel",,Dlouhodobě,3460,1370,64,11,1,1,2
18089570546323997,17841409576254354,praguechessfestival,"Prague Chess Festival","♟️ Our Futures ambassador @piaanncramling made the first move of Round 5! 🙏

🇨🇿 ♟️ Kdo jiný než Pia Cramling. Naše ambasadorka Futures turnaje zahájila 5. kolo! 🙏
.
#PICF #PICF2026 #chess #PragueMasters #Futures",0,"03/01/2026 06:30",https://www.instagram.com/p/DVWGEWLjMA1/,"IG carousel",,Dlouhodobě,5164,1941,112,2,2,2,2
18095209777952018,17841409576254354,praguechessfestival,"Prague Chess Festival","💪 One final push before the rest day. Who will be on top at the halfway point of the tournament? Watch us live with @keti_tsatsalashvili and @alojzije_jankovic! https://youtube.com/watch?v=2kAZofslmtw 🔴

💪 🇨🇿 Ještě jedna šachová bitva před volným dnem. Kdo bude na čele turnaje v jeho polovině? Sledujte
živě náš přenos s Lukášem Vlasákem a @richard_mladek! https://youtube.com/watch?v=fp0jRi5qcBc 🔴
.
#PICF #PICF2026 #chess #PragueMasters #PragueChess",0,"03/01/2026 05:21",https://www.instagram.com/p/DVV-J9ACPfu/,"IG image",,Dlouhodobě,2263,1175,40,1,0,0,0
17878851819498247,17841409576254354,praguechessfestival,"Prague Chess Festival","Czech this out! Domestic players are in the lead of Challengers. Can they maintain their strong performance heading into the break? Enjoy your sunday with the festival and don't forget to vote fot the best games! https://praguechessfestival.com/en/2026/vote 📣

🇨🇿 Podívejte se na to, jak to Čechům v Challengers pěkně jde. Udrží domácí skvělé výkony i před přestávkou? Užijte si neděli na festivalu a nezapomeňte zahlasovat o nejlepší partii dne! https://praguechessfestival.com/cs/2026/vote 📣
.
#PICF #PICF2026 #chess #PragueChess #Challengers #PragueMasters",0,"03/01/2026 04:32",https://www.instagram.com/p/DVV4mgnDKnD/,"IG image",,Dlouhodobě,2378,1216,26,1,0,0,1
18089698636881138,17841403793118748,chessbaseindia,"ChessBase India","Jorden van Foreest is playing some of the best chess of his life right now. After taking down Nodirbek Yakubboev in the 4th round of Prague Chess Masters, Jorden is now the sole leader with 3/4 points! He has conceded only 1 loss so far against David Anton Gujjaro, and has defeated 3 players - Vincent Keymer, World Champion D Gukesh, and Nodirbek Yakubboev.

In the 5th round, Jorden will take on Hans Niemann with the White pieces. Nodirbek Abdusattorov and David Navara are just half a point behind him with 2.5/4 points. Among the Indian players, Gukesh and Aravindh are both on 1.5/4 points.

In the Challengers group, young Czech IM Finek Vaclav is the sole leader right now with 3/4 points. There are 4 players chasing him with 2.5/4 points. Among Indian players, Divya Deshmukh is on 2/4 points while Surya Sekhar Ganguly has scored 1.5/4 points so far. 

Photos: @abhyudaya_raam
#chess #chessbaseindia #praguemasters #jordenvanforeest",0,"03/01/2026 03:42",https://www.instagram.com/p/DVVy2PHkW2o/,"IG carousel",,Dlouhodobě,62899,23888,790,18,,6,0
18363785188166456,17841409576254354,praguechessfestival,"Prague Chess Festival","Day 4 at the PICF was full of dramatic games and great encounters. ♟️🔥 Prague is truly living and breathing chess. Take a look. 👀✨

Čtvrtý den na Pražském šachovém festivalu plný dramatických partií i skvělých setkání. Praha žije naplno šachem. Podívejte se.",87,"03/01/2026 03:18",https://www.instagram.com/reel/DVVvWqOgbaw/,"IG reel",,Dlouhodobě,1902,1162,28,2,0,0,4
17860007868543459,17841409576254354,praguechessfestival,"Prague Chess Festival","It is our great honor to welcome the legend of women’s chess @piaanncramling to the Prague International Chess Festival. ♟️✨ She is the ambassador of the Futures Tournament, which is dedicated to female players this year. We truly appreciate her presence. Welcome to Prague, Mrs. Cramling. ♟️🇨🇿

Je nám ctí přivítat na Pražském šachovém festivalu legendu ženského šachu Piu Cramling. Je ambassadorkou turnaje Futures, který je v letošním roce určen šachistkám. Moc si toho vážíme, vítejte v Praze, Pio!",0,"03/01/2026 01:58",https://www.instagram.com/p/DVVm_Q2DPbf/,"IG image",,Dlouhodobě,8487,4340,247,8,2,1,2
17955008859078207,17841409576254354,praguechessfestival,"Prague Chess Festival","The Prague Chess Festival also featured the VIP K CERO INVEST Real Estate & Financial tournament. ♟️ The event brought together players working in the financial sector, including bankers and financial advisors.

The winner of the tournament was Martin Hollan, a member of the Grand Thorton s. r. o. team. 🏆

Součástí pražského šachového festivalu byl také turnaj VIP K CERO INVEST Real estate & Financial. V turnaji nastoupili šachisté, kteří působí jako bankéři nebo třeba finanční poradci. Vítězem turnaje se stal Martin Hollan, člen týmu Grant Thorton s. r. o.",0,"03/01/2026 01:32",https://www.instagram.com/p/DVVj-jGjIB-/,"IG carousel",,Dlouhodobě,1803,678,38,1,0,1,2
18218792854314107,17841409576254354,praguechessfestival,"Prague Chess Festival","Czech colors are leading the Challengers tournament! 🇨🇿♟️ Václav Finěk remains the tournament leader with three points.
The next round starts today at 3:00 PM. 🔥

České barvy ve vedení turnaje Challengers! 🇨🇿♟️ Průběžně vedoucím hráčem je stále Václav Finěk se třemi body. Další kolo začíná dnes v 15:00.

#PICF #PICF2026 #praguechessfestival",0,"03/01/2026 00:17",https://www.instagram.com/p/DVVbdB3DMnE/,"IG image",,Dlouhodobě,2019,967,18,0,0,0,0
18122977459574338,17841409576254354,praguechessfestival,"Prague Chess Festival","⏰ How does it look after four rounds? ♟️ At the top of the Masters standings is Jorden van Foreest with 3 points. Half a point behind are Nodirbek Abdusattorov and David Navara.

⏰ Jak to vypadá po čtyřech odehraných kolech? ♟️ Ve vedení turnaje Masters je Jorden van Foreest se 3 body. O půl bodu méně mají Abdusattorov a Navara.

#PICF #PICF2026 #praguechessfestival #chess #Masters #PragueChess",0,"02/28/2026 23:54",https://www.instagram.com/p/DVVYwsMjBCv/,"IG image",,Dlouhodobě,3158,1390,69,3,1,0,1
18125259925492148,17841409576254354,praguechessfestival,"Prague Chess Festival","The dramatic Round 4 has come to an end! ♟️🔥 This is what today looked like at Hotel Don Giovanni Prague. We look forward to seeing you again tomorrow. Good night! 🌙✨. 📸Tomas Krist

Dramatické 4. kolo je u konce! Takhle vypadal dnešní den v pražském hotelu Don Giovanni. Budeme se těšit opět zítra. Dobrou noc! 

#PICF #PICF2026 #praguechessfestival #chess #Masters #PragueChess",0,"02/28/2026 13:27",https://www.instagram.com/p/DVURCX1jC_H/,"IG carousel",,Dlouhodobě,17341,11034,109,14,4,0,10
18045914879723650,17841409576254354,praguechessfestival,"Prague Chess Festival","📣 INTERVIEW: In Round 4, Jorden van Foreest defeated Nodirbek Yakubboev and is now the sole leader of the Prague Masters tournament. ♟️🔥 

📣 ROZHOVOR: Jorden van Foreest ve 4. kole porazil Nodirbeka Yakubboeva a je aktuálně vedoucím hráčem turnaje Masters.",0,"02/28/2026 12:54",https://www.instagram.com/reel/DVUMrkGAdN-/,"IG reel",,Dlouhodobě,2229,1380,52,1,1,0,1
18106860991769388,17841409576254354,praguechessfestival,"Prague Chess Festival","In Round 4 of the Challengers tournament, Benjamin Gledura and Daniil Yuffa claimed victory. Václav Finěk is still leading the tournament. 💪

Ve 4. kole turnaje Challengers vybojovali vítězný bod Benjamin Gledura a Daniil Yuffa. 💪 Ve vedení turnaje je stále Václav Finěk.

#PICF #PICF2026 #praguechessfestival #chess #Challengers #PragueChess",0,"02/28/2026 12:32",https://www.instagram.com/p/DVUKuMQDPlk/,"IG image",,Dlouhodobě,6728,4010,30,2,0,0,0
18009817292834516,17841409576254354,praguechessfestival,"Prague Chess Festival","Round 4 is over. ♟️ In the Masters, Vincent Keymer and Jorden van Foreest scored wins, with van Foreest leading the tournament. 🔥

Čtvrté kolo je za námi, v turnaji Masters si dnes připsali vítězný bod Vincent Keymer a Jorden Van Foreest, který je ve vedení turnaje.

#PICF #PICF2026 #praguechessfestival #chess #Masters #PragueChess",0,"02/28/2026 11:53",https://www.instagram.com/p/DVUGOXKDHoj/,"IG image",,Dlouhodobě,9291,5235,70,6,2,1,5
17875828482598208,17841409576254354,praguechessfestival,"Prague Chess Festival","👉Today, chess has completely taken over Prague, the playing hall at the Don Giovanni Hotel is filled with fans. Come and support your favorites. ♟️ 💪 The Prague International Chess Festival runs until March 6.

👉Prahu dnes naplno ovládly šachy, hrací sál v hotelu Don Giovanni je zaplněn fanoušky. Přijďte se i vy podívat na své favority. Prague International Chess Festival probíhá až do 6. března. 

#PICF #PICF2026 #praguechessfestival #chess #Masters #PragueChess",0,"02/28/2026 08:21",https://www.instagram.com/p/DVTt_vRjBhS/,"IG carousel",,Dlouhodobě,4368,1998,163,7,3,2,10
18091755701030235,17841409576254354,praguechessfestival,"Prague Chess Festival","Just minutes to go. Round 4 is here!🔥#PICF2026",24,"02/28/2026 07:11",https://www.instagram.com/reel/DVTlvHWjGh0/,"IG reel",,Dlouhodobě,3799,2570,145,7,9,0,9
18038361773756526,17841409576254354,praguechessfestival,"Prague Chess Festival","""I am trying to be a universal player, but I am not quite,"" says sincerely the only Czech GM in the Masters field, David Navara, in his interview. You can now enjoy the full version on our YouTube channel.

„Snažím se být univerzálním hráčem, ale úplně jím nejsem,“ říká upřímně jediný český velmistr v poli Masters David Navara ve svém rozhovoru. Plnou verzi si nyní můžete vychutnat na našem YouTube kanálu.",0,"02/28/2026 06:39",https://www.instagram.com/reel/DVTiKX2ga5-/,"IG reel",,Dlouhodobě,13879,10166,526,75,46,11,62
18120337381608296,17841409576254354,praguechessfestival,"Prague Chess Festival","Here are pairings for Round 4 of #PICF2026Challengers",0,"02/28/2026 04:39",https://www.instagram.com/p/DVTUpQvDO-p/,"IG image",,Dlouhodobě,2385,1251,22,1,0,0,0
17853769782629129,17841409576254354,praguechessfestival,"Prague Chess Festival","Let’s take one more look back at yesterday — specifically at the game between Jáchym Němec and Surya Shekhar Ganguly. The Czech representative secured his second win of the tournament; have a listen to his analysis.

Pojďme se ještě jednou vrátit ke včerejšku, konkrétně k partii mezi Jáchymem Němcem a Suryou Shekharem Gangulym. Český reprezentant si připsal druhou výhru v turnaji, poslechněte si jeho rozbor.",69,"02/28/2026 04:30",https://www.instagram.com/reel/DVTTWvMgQgP/,"IG reel",,Dlouhodobě,3986,2395,92,13,1,1,7
18080722007198908,17841409576254354,praguechessfestival,"Prague Chess Festival","The ten players of the Masters tournament face Round 4 today. ♟️🔥
Who’s your favorite for today?

Desítku šachistů turnaje Masters dnes čeká 4. kolo. Kdo je vaším dnešním favoritem? ♟️🔥

#PICF #PICF2026 #praguechessfestival #chess #Masters #PragueChess",0,"02/28/2026 03:57",https://www.instagram.com/p/DVTP1iXDDmJ/,"IG image",,Dlouhodobě,7176,4505,39,8,0,1,1
18091775473875308,17841409576254354,praguechessfestival,"Prague Chess Festival","@jonasbbjerre defeated Thomas Beerdsen in Round 3. He secured his first win of the event. Here is his assessment. ♟️🎙️

Jonas Buhl Bjerre ve třetím kole porazil Thomase Beerdsena, který byl dosud ve vedení. Získal tak první turnajové vítězství. Tady je jeho hodnocení. ♟️🎙️

#PICF #PICF2026 #photos #chess #Challengers #PragueChess",124,"02/28/2026 03:34",https://www.instagram.com/reel/DVTNGUWgiZE/,"IG reel",,Dlouhodobě,1691,1131,23,0,0,0,1
18104469928851860,17841409576254354,praguechessfestival,"Prague Chess Festival","Another day, more dramatic games and more surprising results. Take a look back at Children’s Day as well as the third round of the Prague Chess Festival.

Další den, další dramatické partie a další překvapivé výsledky. Koukněte na ohlédnutí za dětským dnem a také třetím kolem na Pražském šachovém festivalu",91,"02/28/2026 02:13",https://www.instagram.com/reel/DVTD0u5AYan/,"IG reel",,Dlouhodobě,1045,719,27,2,0,0,2
18060499844355567,17841409576254354,praguechessfestival,"Prague Chess Festival","🗣️ ""I've never beaten him in the past,"" says @jordenvforeest after stunning victory over reigning world champion Gukesh. Enjoy the interview. 🫶

""Dosud jsem ho nikdy neporazil,"" řekl spokojeně Nizozemec Jorden Van Foreest po senzačním vítězství nad úřadujícím mistrem světa Gukeshem. ✨ 

#chess #victory #praguemasters #interview",45,"02/27/2026 11:56",https://www.instagram.com/reel/DVRg2JjDA79/,"IG reel",,Dlouhodobě,6567,5147,58,7,0,0,1
18117418840623100,17841409576254354,praguechessfestival,"Prague Chess Festival","Czechs rule in the Challengers category so far!🇨🇿🔥 

Češi si zatím podmaňují kategorii Challengers! 💪

#czech #chess #power",0,"02/27/2026 11:44",https://www.instagram.com/p/DVRgO8KDFPP/,"IG image",,Dlouhodobě,6586,4032,62,4,0,1,1
18151087549443769,17841409576254354,praguechessfestival,"Prague Chess Festival","Here are the standings after round 3 in Masters category! 🔝📈 It's going to be an interesting tournament! ✨

Pořadí v kategorii Masters po třetím dnu. 👆Bude to ještě hodně zajímavé. 🤩

#chess #prague #festival",0,"02/27/2026 11:42",https://www.instagram.com/p/DVRfmoxjDsf/,"IG image",,Dlouhodobě,8694,5699,134,8,3,2,3
18145949824661434,17841409576254354,praguechessfestival,"Prague Chess Festival","Beginning of round 3! 🎬🎥♟️

Start třetího dne! 💥

#chess #reel #prague #sachy",31,"02/27/2026 08:36",https://www.instagram.com/reel/DVRJ8s1jKXP/,"IG reel",,Dlouhodobě,5537,3880,105,5,1,2,4
18117058372722262,17841409576254354,praguechessfestival,"Prague Chess Festival","You are always welcome in Prague, champ! 🫶♟️

@gukesh.official 

Vždycky Tě v Praze rádi vidíme, šampione! 😍

#chess #world #champion

@hotelgiovanniprg @czech_innhotels",0,"02/27/2026 07:54",https://www.instagram.com/p/DVRGEY9DAUF/,"IG carousel",,Dlouhodobě,3855,1862,214,5,1,2,21
18577025068012311,17841409576254354,praguechessfestival,"Prague Chess Festival","""I will never try to kill the game."" says the current number 1 in Iran Parham Maghsoodloo. Full interview soon on our YouTube channel. 

Poslechněte si ústřižek z rozhovoru s íránskou jedničkou Parhamem Mghsoodloem. Celý rozhovor již brzy na našem YouTube kanálu.",125,"02/27/2026 07:46",https://www.instagram.com/reel/DVRE9Y8gdxx/,"IG reel",,Dlouhodobě,1932,1240,41,7,0,0,1
18067285550544899,17841409576254354,praguechessfestival,"Prague Chess Festival","👑 We have our first Master and what a Master it is! A reigning World Chess Champion is coming to the 8th edition of the @praguechessfestival!

The Indian prodigy @gukesh.official returns to the capital after shattering records and conquering the biggest stages in world chess. 🔥♟️

🇨🇿 👑 Máme pro vás prvního Mastera - a jakého! Na 8. ročník Pražského šachového festivalu míří úřadující mistr světa v šachu!

Indický šampion #GukeshDommaraju se vrací do metropole poté, co překonal mnohé rekordy a ovládl ta nejvýznamější šachová klání. 🔥♟️
.
#PICF #PICF2026 #chess #PragueChess #PragueMasters @novyborchess @sachovysvaz @hotelgiovanniprg @czech_innhotels #Gukesh",20,"01/07/2026 23:02",https://www.instagram.com/reel/DTPZbb6iQfV/,"IG reel",,Dlouhodobě,6161,4142,137,20,8,5,20
17943930293965040,17841409576254354,praguechessfestival,"Prague Chess Festival","✨ Welcome to the New Year, chess fans! A new year means new challenges, new battles… and new stars coming to Prague. Our next player reveal is happening very soon. Until then 👇

Who would you love to see play at the @praguechessfestival this year? Your move! 👀 💬

🇨🇿 ✨ Vítejte v novém roce, šachoví fanoušci! Nový rok znamená nové výzvy, nové bitvy… a nové hvězdy mířící do Prahy. Odhalení dalšího hráče proběhne už velmi brzy. Do té doby 👇

Koho byste letos nejraději viděli hrát na Pražském šachovém festivalu? Dejte nám vědět, jste na tahu! 💬 ♟️
.
#PICF #PICF2026 #chess #PragueChess #PragueMasters #šachy",0,"01/06/2026 08:10",https://www.instagram.com/p/DTLOmDJjDlB/,"IG image",,Dlouhodobě,1949,704,49,9,1,7,5
17868405300476756,17841409576254354,praguechessfestival,"Prague Chess Festival","Round 3 is just around the corner! 🤩♟️Here are the  Masters pairings. 👆We start at 3 PM. ⏳

Třetí kolo je za rohem! Tady je složení dvojic v kategorii Masters. 😊 Začínáme v 15 hodin. 

#chess #prague #festival #round3",0,"02/27/2026 05:08",https://www.instagram.com/p/DVQyLXTDLAN/,"IG image",,Dlouhodobě,2749,1434,22,4,0,0,3
17926850055227858,17841409576254354,praguechessfestival,"Prague Chess Festival","Picture time! 📸🫶 Enjoy some photos from round 2! ♟️

📷 by @zewlakk_foto 💥

Užijte si výběr fotek z druhého kola. To třetí startuje v 15:00. ♟️ Přijďte se podívat! 

#chess #game #prague #praha #sachy",0,"02/27/2026 04:46",https://www.instagram.com/p/DVQwkseDLr_/,"IG carousel",,Dlouhodobě,5796,2231,174,11,5,2,15
18086606972183163,17841409576254354,praguechessfestival,"Prague Chess Festival","📣 INTERVIEW: How did @gmdavidanton evaluate his Round 2 victory? Take a listen! ♟️🎙️

📣 ROZHOVOR: Jak popsal výhru v 2. kole @gmdavidanton ? Poslechněte si! ♟️🎙️",96,"02/27/2026 04:09",https://www.instagram.com/reel/DVQrpM6AaZR/,"IG reel",,Dlouhodobě,3263,2389,45,2,3,0,1
18076188044526978,17841409576254354,praguechessfestival,"Prague Chess Festival","📣 INTERVIEW: The defending champion Aravindh Chithambaram managed to turn the match against Hans Niemann, securing his first point of the tournament. However, in his own words, he still cannot quite erase the memory of his first-round defeat to Nodirbek Abdusattorov.

📣 ROZHOVOR: Obhájce loňského vítězství Aravindh Chithambaram dokázal s černými figurami otočit průběh partie s Hansem Niemannem a může slavit bodový zisk. Podle jeho slov se mu ale stále nepodařilo vymazat z paměti prohru z prvního kola, ve kterém nestačil na Nodirbeka Abdussatorova.",69,"02/27/2026 03:25",https://www.instagram.com/reel/DVQmwN6AXOB/,"IG reel",,Dlouhodobě,3685,2414,35,3,0,1,0
18122567182510202,17841409576254354,praguechessfestival,"Prague Chess Festival","Drama, tension, and breathtaking games! ♟️🔥 Day 2 of the Prague Chess Festival delivered plenty of exciting moments. Watch the video and step inside the Don Giovanni Hotel with us. 👀

Drama, napětí i dechberoucí partie! Druhý hrací den na Pražském šachovém festivalu přinesl spoustu zajímavých okamžiků. Pojďte se podívat do pražského hotelu Don Giovanni.👀",112,"02/27/2026 01:16",https://www.instagram.com/reel/DVQYdYzCBCA/,"IG reel",,Dlouhodobě,3714,2454,48,11,0,1,5
17890008618310065,17841409576254354,praguechessfestival,"Prague Chess Festival","👉 Two rounds, two wins - that’s the tally for Thomas Beerdsen and Štěpán Hrbek in the Challengers. Václav Finěk is currently in third place. What will Round 3 bring? ♟️👀

👉 Dvě kola, dvě výhry, tuto bilanci drží v turnaji Challengers Thomas Beerdsen a Štěpán Hrbek. Třetí je aktuálně Václav Finěk. Co přinese třetí kolo?

.
#PICF #PICF2026 #chess #Challengers #PragueChess",0,"02/26/2026 22:44",https://www.instagram.com/p/DVQHIrSDJ_N/,"IG image",,Dlouhodobě,1987,926,23,0,0,0,2
17976697937829411,17841409576254354,praguechessfestival,"Prague Chess Festival","🔥The first two rounds of the Masters have brought plenty of exciting games, here is the current standings. ♟️Don’t miss Round 3, starting today at 3:00 PM.⏰

🔥 Dvě kola turnaje Masters přinesla spoustu zajímavých partií, tady je aktuální pořadí hráčů. Nezapomeňte sledovat třetí kolo, už dnes od 15:00.

#PICF #PICF2026 #chess #PragueMasters #PragueChess",0,"02/26/2026 22:29",https://www.instagram.com/p/DVQFcgbDGxL/,"IG image",,Dlouhodobě,9302,5949,134,3,1,5,3
18064795730309139,17841409576254354,praguechessfestival,"Prague Chess Festival","⭐ The Masters, Challengers and Futures tournaments have completed two rounds. Today, the Karel Janeček Open also kicked off! Take a look at today’s action through our photos. ♟️📸

⭐ Turnaje Masters, Challengers a Futures za sebou mají dvě odehraná kola. Dnes odstartoval také Karel Janeček Open. Podívejte se dnešek ve fotografii. ♟️📸

Photo: Petr Vrabec

#PICF #PICF2026 #photos #chess #PragueMasters #PragueChess",0,"02/26/2026 14:53",https://www.instagram.com/p/DVPRUn4DPkv/,"IG carousel",,Dlouhodobě,3602,1567,145,6,2,3,8
17914027593312154,17841409576254354,praguechessfestival,"Prague Chess Festival","Round 2 of the Challengers Tournament brought exciting battles and three decisive games. ♟️🔥 Which game did you enjoy the most?

Druhé kolo turnaje Challengers přineslo zajímavé souboje a hned tři vítězné partie.Který duel se vám líbil nejvíc?

#PICF #PICF2026 #PragueChess",0,"02/26/2026 12:10",https://www.instagram.com/p/DVO-pXMjJLN/,"IG image",,Dlouhodobě,6336,3920,40,5,1,0,2
17887879974440693,17841409576254354,praguechessfestival,"Prague Chess Festival","👉 Here are the results of Round 2 of the Masters at the Prague Chess Festival, we saw two decisive games today. ♟️🔥
Don’t forget to vote for the game you liked the most. You can find the voting link in our bio.🔥

👉 Tady jsou výsledky 2. kola Masters na Pražském šachovém festivalu, viděli jsme dvě vítězné partie. Nezapomeňte hlasovat, která partie se vám líbila nejvíce, odkaz na hlasování najdete v biu. 🔥

#PICF #PICF2026 #PragueMasters #PragueChess @decision_21 @karel252",0,"02/26/2026 11:29",https://www.instagram.com/p/DVO58BVjEtS/,"IG image",,Dlouhodobě,9823,5718,112,7,2,2,5
18111341845733270,17841409576254354,praguechessfestival,"Prague Chess Festival","👐 354 players from 51 countries are taking part! This year’s @karel252 Open Tournament is in full swing with a record-breaking field.

There’s a lot at stake! The best player earns a spot in the Challengers, and Czech players have a chance to qualify for the national championship. Thank you for the incredible interest in the royal game! ♟️ 🙏

🇨🇿 👐 354 hráčů z 51 zemí je ve hře! Letošní turnaj Karel Janeček Open je v plném proudu a může se pochlubit rekordním počtem účastníků.

Ve hře je opravdu hodně! Nejlepší hráč si zajistí postup do Challengers a čeští šachisté mají šanci kvalifikovat se na mistrovství republiky. Děkujeme za neuvěřitelný zájem o královskou hru! ♟️ 🙏
.
#PICF2026 #PICF #Open #KarelJanecek #chess #PragueChess #PragueMasters @janecekfoundation",0,"02/26/2026 10:55",https://www.instagram.com/p/DVO2DUlDPGB/,"IG image",,Dlouhodobě,14299,7143,290,11,29,3,9
18165002533411891,17841409576254354,praguechessfestival,"Prague Chess Festival","@gmdavidanton has returned to the Prague International Chess Festival for the fourth time. He previously played in the Challengers tournament once and is now competing in the Masters for the third time. Welcome back, David Anton, we’re looking forward to your games! ♟️🔥

@gmdavidanton se vrátil na Pražský šachový festival už počtvrté jednou si zahrál turnaj Challengers, v turnaji Masters nastupuje potřetí. Vítáme vás zpět, těšíme se zajímavé partie!",0,"02/26/2026 09:00",https://www.instagram.com/reel/DVOoiHnAYnn/,"IG reel",,Dlouhodobě,7190,6058,194,5,7,16,5
18087708848174024,17841409576254354,praguechessfestival,"Prague Chess Festival","👌♟️The ceremonial first move was made by Johan Berntsen, Tournament Director of the Tepe Sigeman. Thank you! Round 2 has begun, come and support your favorites or follow our live streams. 🎥

Úvodního tahu ve druhém kole se ujal Johan Berntsen, ředitel turnaje Tepe Sigeman. Děkujeme! Začínáme, přijďte podpořit svoje favority nebo sledujte naše živé streamy. Těšíme se na vás!
📸 |Petr Vrabec",0,"02/26/2026 07:38",https://www.instagram.com/p/DVOfhC5jCb4/,"IG image",,Dlouhodobě,1358,692,38,3,0,0,0
17867538147569762,17841409576254354,praguechessfestival,"Prague Chess Festival","Round 2 has just kicked off! ♟️🔥 

#PICF #PICF2026 #chess #PragueChess",31,"02/26/2026 06:20",https://www.instagram.com/reel/DVOWc0kjEKg/,"IG reel",,Dlouhodobě,4647,3264,110,4,5,0,9
17859603528609736,17841409576254354,praguechessfestival,"Prague Chess Festival","Who are your favorites in Round 2 of the Challengers tournament? ♟️🔥 You can look forward to an all-Czech clash: Němec vs. Finěk. 🇨🇿 We start at 3:00 PM!

Kdo jsou vaši favorité ve 2. kole turnaje Challengers? ♟️🔥 Můžete se těšit na speciální český souboj: Němec vs. Finěk. 🇨🇿 Začínáme v 15:00, těšíme se na vás.

#PICF #PICF2026 #chess",0,"02/26/2026 04:30",https://www.instagram.com/p/DVOKA8QDJCJ/,"IG image",,Dlouhodobě,2603,1290,19,2,0,0,0
17948896109961432,17841409576254354,praguechessfestival,"Prague Chess Festival","The pairings for Round 2 of the Masters tournament are here!🔥 We start at 3:00 PM. Join us at the Don Giovanni Hotel Prague or follow live broadcast with commentary. ♟️🎙️

🇬🇧 https://www.youtube.com/watch?v=gRFBV_QAi84

Rozlosování druhého kola turnaje Masters je tady! Startujeme v 15:00. Přijďte se podívat do pražského hotelu Don Giovanni nebo sledujte náš živý přenos s komentářem.

🇨🇿 https://www.youtube.com/watch?v=P1Vjz9fJqOU

#PICF #PICF2026 #chess #PragueMasters #PragueChess",0,"02/26/2026 04:24",https://www.instagram.com/p/DVOJUW4jJc7/,"IG image",,Dlouhodobě,3812,1917,33,6,2,0,4
17878167810474331,17841409576254354,praguechessfestival,"Prague Chess Festival","📣 What an entrance to the big league! A first-ever Masters victory for @nodirbekyakubboev, as the promoted Challenger defeated @gmdavidanton. Let's hear Yakubboev break down how he built and converted his advantage. 🔝

🇨🇿 📣 Tomu říkáme vstup mezi elitu! První vítězství v turnaji Masters pro Nodirbeka Jakubboeva. Nováček, který v loňském roce postoupil z Challengers, porazil Davida Antóna Guijarra. Pojďme si poslechnout, jak Yakubboev vybudoval svou výhodu a proměnil ji v premiérový bod. 🔝
.
#PICF #PICF2026 #PragueMasters #PragueChess #chess",75,"02/26/2026 03:23",https://www.instagram.com/reel/DVOCRCriYdn/,"IG reel",,Dlouhodobě,1825,1164,25,1,0,1,1
18564197536029549,17841409576254354,praguechessfestival,"Prague Chess Festival","☝ Ready, set ... see the action of the Round 1 of @praguechessfestival! Here's your highlights! 📼 ♟️

🇨🇿 ☝ Připravit, pozor… a do akce! Podívejte se na nejzajímavější momenty z prvního kola Pražského šachového festivalu! 📼 ♟️
.
#PICF #PICF2026 #chess #PragueMasters #PragueChess @janecekfoundation",52,"02/26/2026 02:55",https://www.instagram.com/reel/DVN_DdKjBZP/,"IG reel",,Dlouhodobě,3604,2273,78,9,1,0,5
18042720389729997,17841409576254354,praguechessfestival,"Prague Chess Festival","Have you ever wondered how chess players spend their mornings before games? Well, for example, Daniil Yuffa gives concerts in the hotel lobby 🎶

Už jste někdy přemýšleli, jak šachisté tráví dopoledne před partiemi? Tak třeba Daniil Yuffa koncertuje v hotelovém lobby 🎶",0,"02/26/2026 01:29",https://www.instagram.com/p/DVN1QdaDH1x/,"IG carousel",,Dlouhodobě,3208,1227,93,7,2,5,2
17857424823656828,17841409576254354,praguechessfestival,"Prague Chess Festival","Exchange pieces, set the trap! David Navara is proudly holding the Czech flag high as domestic players scored an impressive 3.5 points across the Masters and Challengers. 💪♟️

🇨🇿 Vyměnit figury, nastražit past! David Navara hrdě drží českou vlajku vysoko. Domácí hráči vybojovali skvělých 3,5 bodu v prvním kole Masters a Challengers. 💪♟️
.
#PICF #PICF2026 #chess #DavidNavara #PragueChess #PragueMasters",106,"02/26/2026 00:45",https://www.instagram.com/reel/DVNwJy2jnbp/,"IG reel",,Dlouhodobě,1834,1133,35,3,1,1,2
18068483216642659,17841409576254354,praguechessfestival,"Prague Chess Festival","A lot of decisive games in Round 1. The players are on their toes from the very beginning. Exactly the kind of action we love to see! ♟️🔥

🇨🇿 Spousta rozhodných partií hned v 1. kole. Hráči jsou ve střehu od úplného začátku. Přesně takovou podívanou chceme vidět! ♟️🔥
.
#PICF #PICF2026 #chess #PragueMasters #PragueChess",0,"02/25/2026 21:58",https://www.instagram.com/p/DVNdHCFDt4c/,"IG carousel",,Dlouhodobě,11392,5983,229,9,5,1,7
18024941864796182,17841409576254354,praguechessfestival,"Prague Chess Festival","We wouldn’t call it a night without a few snapshots from Round 1, right? ♟️✨ 
📸 Petr Vrabec

Check out more on: https://eu.zonerama.com/PragueIntarnationalChessFestival/1697708

🇨🇿 Bez pár momentek z 1. kola bychom večer snad ani neuzavřeli, že? ♟️✨
📸 Petr Vrabec
.
#PICF #PICF2026 #PragueMasters #PragueChess #chess",0,"02/25/2026 16:23",https://www.instagram.com/p/DVM2vGaoGyg/,"IG carousel",,Dlouhodobě,3088,1198,78,2,1,0,5
18091765396848940,17841409576254354,praguechessfestival,"Prague Chess Festival","🏆 It’s been a winner’s game since day one! Which one stood out for you? Cast your vote and help us decide who takes the award! Find a link in our bio. 👆 ♟️

🇨🇿 🏆 Už od prvního dne jedeme na vítězství! Která partie se vám líbila nejvíc? Hlasujte a pomozte nám rozhodnout, kdo získá ocenění! Link na hlasování jsme schovali v biu. 👆 ♟️ 
.
#PICF #PICF2026 #PragueMasters #PragueChess @decision_21 @karel252",0,"02/25/2026 13:38",https://www.instagram.com/p/DVMj34YjGAo/,"IG carousel",,Dlouhodobě,29748,13262,486,14,37,12,24
18024229316626094,17841409576254354,praguechessfestival,"Prague Chess Festival","♟️ On day one of the Masters category we have four winners already. The biggest upset was made by Jorden van Foreest, who took down world number four Vincent Keymer. Listen to the Dutch grandmaster’s immediate reactions. ♟️

♟️První den máme v kategorii Masters hned čtyři vítěze. Největší překvapení zařídil Jorden van Foreest, který si vyšlápl na světovou čtyřku Vincenta Keymera. Poslechněte si bezprostřední dojmy nizozemského velmistra. ♟️",118,"02/25/2026 11:28",https://www.instagram.com/reel/DVMU1sNAbd8/,"IG reel",,Dlouhodobě,3020,1535,66,5,0,1,4
18151807828445398,17841409576254354,praguechessfestival,"Prague Chess Festival","""I did not really have a good run here yet, but this year i am ready to fight"" 🗨 Says the current world number #4 Vincent Keymer. Full interview soon on our Youtube channel. Stay tuned!!!

🗨 „Zatím jsem tady neměl opravdu dobré období, ale letos jsem připraven bojovat.“ 🗨

Říká aktuální světová čtyřka Vincent Keymer.
Celý rozhovor již brzy na našem YouTube kanálu. Zůstaňte naladěni!!! ♟️",0,"02/25/2026 07:25",https://www.instagram.com/reel/DVL489NAXfs/,"IG reel",,Dlouhodobě,2864,1454,70,7,1,2,3
17991996695761454,17841409576254354,praguechessfestival,"Prague Chess Festival","First of many. Enjoy the Round 1 of this year’s @praguechessfestival 🤝

🇨🇿První momentka a mnohé další budou následovat! Užijte si první kolo letošního Pražského šachového festivalu! 🤝",0,"02/25/2026 06:12",https://www.instagram.com/p/DVLwf0pDBP_/,"IG image",,Dlouhodobě,12645,6003,644,16,28,2,20
17859046659554941,17841409576254354,praguechessfestival,"Prague Chess Festival","Opening ceremony (photo by: Petr Vrabec)

Zahajovací ceremoniál (fotil Petr Vrabec)",0,"02/25/2026 05:44",https://www.instagram.com/p/DVLtqyMDD8b/,"IG carousel",,Dlouhodobě,4644,1634,170,32,7,0,19
18084638555245408,17841409576254354,praguechessfestival,"Prague Chess Festival","📹 From sharp questions to sharper signatures and then straight to the first ceremonial move ♟️✨ 
@praguechessfestival is officially underway and this is just the beginning. Enjoy the highlights!👇

🇨🇿 📹 Od ostrých otázek k ještě ostřejším podpisům a pak rovnou k prvnímu slavnostnímu tahu ♟️✨
Pražský šachový festival je oficiálně zahájen a my teprve začínáme. Užijte si ty nejlepší momenty ze včerejšího dne! 👇
.
#PICF #PICF2026 #chess #PragueMasters #PragueChess",118,"02/25/2026 04:58",https://www.instagram.com/reel/DVLoWx0Fe1k/,"IG reel",,Dlouhodobě,1918,1066,58,2,1,1,5
17856539832617095,17841409576254354,praguechessfestival,"Prague Chess Festival","♟️🔥 The first challenge lies ahead. The hunt for a spot in the Masters is about to begin. Any favourites? Watch the main tournaments live on our channel! 🔴

🇬🇧 https://www.youtube.com/watch?v=YzoVGgaKL94

♟️🔥 První výzva je před nimi. Honba za místem v Masters právě začíná. Máte své favority? Sledujte hlavní turnaje živě na našem kanálu! 🔴
 
🇨🇿 https://www.youtube.com/watch?v=JtfkCPrwZTk
.
#PICF #PICF2026 #chess #chesslive #livestream #šachy",0,"02/25/2026 03:16",https://www.instagram.com/p/DVLcrr0jFMN/,"IG image",,Dlouhodobě,6965,4243,45,9,1,0,2
18123933100576564,17841409576254354,praguechessfestival,"Prague Chess Festival","✊ We are so ready, dear Masters. What’s your main course for this fine afternoon? See you at the @hotelgiovanniprg! ♟️

🇨🇿 ✊ Jsme připraveni. Jaký je váš hlavní Masters chod na dnešní šachové odpoledne? Uvidíme se v hotelu Don Giovanni! ♟️
.
#PICF #PICF2026 #chess #Masters #PragueMasters #PragueChess",0,"02/25/2026 02:20",https://www.instagram.com/p/DVLWW3FDIwW/,"IG image",,Dlouhodobě,10419,5962,162,9,4,3,18
18094373684513788,17841409576254354,praguechessfestival,"Prague Chess Festival","This game officially opened the 8th edition of PICF. The beach volleyball World Champion Ondřej Perušič was not afraid to challenge chess World Chess Champion Dommaraju Gukesh, and together with Festival Director Petr Boleslav, President of Nový Bor Chess Club Roman Mužík, and Jaroslav Svoboda, Managing Director of Czech Inn Hotels, they ceremonially launched the tournament. ♟️🔥 #PICF2026",16,"02/25/2026 00:23",https://www.instagram.com/reel/DVLHk-IDIBL/,"IG reel",,Dlouhodobě,5499,3708,211,9,8,1,22
17999693141897207,17841409576254354,praguechessfestival,"Prague Chess Festival","The grand opening of PICF is behind us! ♟️✨ Round 1 starts tomorrow. Join us at the Don Giovanni Hotel Prague or tune in to the live broadcast. We look forward to seeing you!

#PICF #PICF2026 #chess",0,"02/24/2026 14:34",https://www.instagram.com/p/DVKFfiBDAj3/,"IG carousel",,Dlouhodobě,5302,2193,161,13,0,0,24
17847897165688655,17841409576254354,praguechessfestival,"Prague Chess Festival","The Prague International Chess Festival has officially begun! 🔥

#PICF #PICF2026 #chess #livechess #PragueMasters #PragueChess",0,"02/24/2026 13:53",https://www.instagram.com/p/DVKAy6vjAZh/,"IG image",,Dlouhodobě,3200,1556,95,6,2,0,6
17856999987615966,17841409576254354,praguechessfestival,"Prague Chess Festival","💯 Ladies and gentlemen, #PICF class of 2026! Good luck to you all! 🤞

🇨🇿 💯 Dámy a pánové, představujeme @praguechessfestival, ročník 2026! Hodně štěstí vám všem!🤞
.
#PICF2026 #PragueMasters #chess #sachy",0,"02/24/2026 12:43",https://www.instagram.com/p/DVJ41YzjCcD/,"IG carousel",,Dlouhodobě,8745,3913,291,13,6,1,22
18093443710834980,17841409576254354,praguechessfestival,"Prague Chess Festival","♟️🔝 “This place has been lucky for me.” Reigning champion Aravindh Chithambaram is looking for a comeback and Prague is ready for it! 

🇨🇿 🔝 „Toto místo mi přineslo štěstí.“ Úřadující šampion #AravindhChithambaram usiluje o comeback a Praha je na něj připravena!
.
#PICF #PICF2026 #chess #PragueChess #PragueMasters",125,"02/24/2026 09:27",https://www.instagram.com/reel/DVJiTrBgPJv/,"IG reel",,Dlouhodobě,2661,1436,59,8,0,2,6
18095555893809391,17841409576254354,praguechessfestival,"Prague Chess Festival","🎥 Press conference for the 8th edition of the Prague International Chess Festival and a signing session with Dommaraju Gukesh in a few photos. 🔥📷

The Masters, Challengers and Futures tournaments kick off tomorrow at the @hotelgiovanniprg - come and see it live!

📸 Petr Vrabec

#PICF #PICF2026 #chess #livechess #chessstream #PragueMasters #PragueChess",0,"02/24/2026 07:31",https://www.instagram.com/p/DVJVDbFDFTu/,"IG carousel",,Dlouhodobě,6800,2090,228,19,2,1,18
18150862714449899,17841409576254354,praguechessfestival,"Prague Chess Festival","🗨 ""More pressure, but it's a challenge which is pretty interesting to face."" The World Champion sat down with us ahead of the start of the @praguechessfestival. Will the second time be the charm in Prague for @gukesh.official?

🇨🇿 🗨 „Cítím větší tlak, ale je to výzva, které je hodně zajímavé čelit.“ Ještě před startem Pražského šachového festivalu jsme mluvili s úřadujícím mistrem světa. Vyjde to v Praze Gukeshovi napodruhé?
.
#PICF #PICF2026 #chess #PragueChess #PragueMasters #šachy #gukeshdommaraju",121,"02/24/2026 06:18",https://www.instagram.com/reel/DVJMtkEiSZY/,"IG reel",,Dlouhodobě,8310,5254,387,32,17,4,53
18090437776886602,17841409576254354,praguechessfestival,"Prague Chess Festival","Signing time! @gukesh.official made some fans very happy! Thank you! 💯✍️",565,"02/24/2026 03:05",https://www.instagram.com/reel/DVI2ok-jDPu/,"IG reel",,Dlouhodobě,2926,1478,124,16,2,5,22
18074540798528229,17841409576254354,praguechessfestival,"Prague Chess Festival","👑 A true queen’s move. We are truly honored that the FUTURES tournament is held under the patronage of the First Lady of the Czech Republic, @evapavlova_oficialni. Thank you for supporting the young talents of the royal game! ♟️

🇨🇿 👑 Skutečný tah královnou. Je nám velkou ctí, že záštitu nad turnajem FUTURES převzala první dáma České republiky, Eva Pavlová. Děkujeme za podporu mladých talentů královské hry! ♟️
.
#PICF #PICF2026 #chess #šach @novyborchess @czech_innhotels @hotelgiovanniprg",0,"02/23/2026 09:47",https://www.instagram.com/p/DVG_0ofAGXJ/,"IG image",,Dlouhodobě,1909,829,49,2,0,0,4
18100174892305520,17841409576254354,praguechessfestival,"Prague Chess Festival","🔝 The World Champion has arrived.
For the first time in 95 years, a reigning World Chess Champion will play a classical game on the territory of the former Czechoslovakia. Witness history in the making from February 25. ♟️✨

🇨🇿 🔝 Mistr světa je tady. 
Po 95 letech se na území bývalého Československa představí úřadující mistr světa v šachu. Nová historie se začne psát od 25. února. ♟️✨
.
#PICF #PICF2026 #gukeshdommaraju @gukesh.official @boleslav_petr @hotelgiovanniprg @czech_innhotels @novyborchess @karel252 @janecekfoundation",0,"02/23/2026 06:39",https://www.instagram.com/p/DVGqUUHDZbd/,"IG image",,Dlouhodobě,10553,4880,466,15,26,4,28
17874489438537371,17841409576254354,praguechessfestival,"Prague Chess Festival","🎤 Toucan on e4! The opening ceremony is just around the corner, and it’s time to introduce our host. Tomorrow’s event will be guided by the kind words and sharp wit of @mikolastucek, a renowned Czech journalist and podcaster.

We can’t wait for the draw and also the pairings, as the Masters and Futures take the stage together. Let the festival begin! ✨

🇨🇿 🎤 Tukan na e4! Zahajovací ceremoniál je za dveřmi a je čas představit našeho moderátora. Zítřejším večerem v @hotelgiovanniprg hosty provede svými milými slovy a bystrým humorem Mikoláš Tuček, uznávaný český novinář a podcaster.

Nemůžeme se dočkat losu ani našeho oblíbeného párování kategorie Masters a Futures. Odpočítáváme poslední hodiny! ✨
.
#PICF #PICF2026 #chess #PragueMasters #šachy #PragueChess @posledni_podcast #MikolasTucek",0,"02/23/2026 02:02",https://www.instagram.com/p/DVGKrQsDN6_/,"IG image",,Dlouhodobě,9583,4425,47,3,0,3,1
18068851325559687,17841445136585776,chess.sisters.kaja.lila,"Chess Sisters Kaja&Lila","Memories from @praguechessfestival Futures 2025 ♟️
@hotelgiovanniprg #picf #hotelgiovanni #chess #chesssisters #prague",10,"02/22/2026 09:04",https://www.instagram.com/reel/DVEVYWcCIVT/,"IG reel",,Dlouhodobě,4563,2090,116,16,,4,0
17925266808233008,17841409576254354,praguechessfestival,"Prague Chess Festival","🔴🎙️ We’re going LIVE in some fashion! Join us as we welcome @keti_tsatsalashvili and @alojzije_jankovic, our English-language live stream commentators for the @praguechessfestival!

Can’t make it to the venue? Tune in from anywhere in the world and enjoy top-level chess, expert insights, and live commentary from every critical move! Streams will be available on our website or YouTube channel! 🔝

🔴🎙️ Budeme ŽIVĚ! Připojte se k nám a přivítejte #KetiTsatsalashvili  a #AlojzijeJankovic, naše anglicky komentující průvodce živým přenosem z Pražského šachového festivalu!

Nemůžete dorazit přímo do Prahy? Sledujte přenos odkudkoli na světě a užijte si špičkový šach, odborné postřehy a živý komentář ke každému klíčovému tahu! Streamy budou dostupné na našem webu nebo na YouTube kanálu! 🔝
.
#PICF #PICF2026 #chess #PragueMasters #PragueChess #livechess",0,"02/22/2026 07:26",https://www.instagram.com/p/DVEK9-NDjls/,"IG image",,Dlouhodobě,5798,2896,63,2,2,2,2
18001325357852437,17841409576254354,praguechessfestival,"Prague Chess Festival","🎙️ Analýzy, komentáře a špičkový šach v přímém přenosu! Kdo vás provede naším živým vysíláním? ♟️
Ty nejzajímavější partie budou v českém jazyce komentovat @richard_mladek a Lukáš Vlasák. Sehraná dvojice, která nabídne odborný pohled, souvislosti i napětí z každého tahu.

 🔴 ▶️ Sledujte živě na našem YouTube kanále: https://www.youtube.com/@prague_chess/streams

🇬🇧 🎙️ Analysis, commentary, and top-level chess live on air! Who will guide you through our live broadcast? ♟️
The most exciting games will be commented on in Czech by Richard Mládek and Lukáš Vlasák. A well-coordinated duo bringing expert insight, context, and tension with every move.

🔴 ▶️ Watch live on our YouTube channel: https://www.youtube.com/@prague_chess/streams
.
#PICF #PICF2026 #chess #livechess #chessstream #PragueMasters #PragueChess",0,"02/21/2026 23:40",https://www.instagram.com/p/DVDVnTsDM1K/,"IG image",,Dlouhodobě,2226,1041,40,1,1,0,0
18095018503804399,17841409576254354,praguechessfestival,"Prague Chess Festival","Are they up for the challenge? We think they are. Ten elite competitors will battle for fame, glory, and a coveted spot in the Masters. Every move counts, but only one will earn promotion. Who will rise to the occasion? ♟️🔥

🇨🇿 Jsou připraveni na výzvu? My si myslíme, že ano. Deset elitních soupeřů se utká o slávu, prestiž a vytoužené místo v Masters. Každý tah se počítá, ale postup si vybojuje jen jeden. Kdo to bude? ♟️🔥
.
#PICF #PICF2026 #Challengers #PrageuChess #chess #praguemasters
@jonasbbjerre @daniel_yuffa @suryasekharchess @divyachess @jachym_nemec08 @stepan_hrbek1",0,"02/21/2026 08:44",https://www.instagram.com/p/DVBvBl0gde5/,"IG image",,Dlouhodobě,2681,1023,36,1,0,1,2
17878972008473529,17841409576254354,praguechessfestival,"Prague Chess Festival","🫶 All about the FUTURES. For the second year in a row, the @praguechessfestival proudly presents an all-female group of outstanding young talents. 

Watched closely by our ambassador @piaanncramling, these players represent the next generation of women’s chess! ♟️✨

🇨🇿 🫶 Vsazeno na budoucnost. Naše FUTURES. Už druhým rokem po sobě Pražský šachový festival s hrdostí představuje ryze ženskou skupinu výjimečných mladých talentů.

Pod bedlivým dohledem naší ambasadorky Piy Cramling tyto hráčky představují nastupující generaci ženského šachu! ♟️✨
.
#PICF #PICF2026 #chess #Futures #PragueChess @fidewomen @europeanchessunion",0,"02/21/2026 04:15",https://www.instagram.com/p/DVBQSzTjLsN/,"IG image",,Dlouhodobě,3805,1808,40,3,2,0,1
18562768078034503,17841409576254354,praguechessfestival,"Prague Chess Festival","""What was already one of the strongest tournaments of early 2026 is now something more. It's not just elite anymore. It's a super-tournament."" You're very kind @theworldchess. Let's see the Masters line-up again. Shall we? 👀 🔥

🇨🇿 „Co už bylo jedním z nejsilnějších turnajů na začátku roku 2026, je teď ještě mnohem víc. Už to není jen elitní turnaj. Je to superturnaj.“ Ve World Chess jsou velmi laskaví. Pojďme se tedy na soupisku Masters podívat ještě jednou. Co říkáte? 👀 🔥

https://worldchess.com/news/niemanns-last-minute-entry-turns-prague-masters-into-a-true-super-tournament ⬅
.
#PICF #PICF2026 #Masters #PragueMasters #PragueChess #chess @vincentkeymer2004 @gukesh.official @abdusattorov_nodirbek_official @hans_niemann @parhammaghsoodloo @jordenvforeest @aravindhachithambaram @nodirbekyakubboev @gmdavidanton",0,"02/21/2026 00:53",https://www.instagram.com/p/DVA5MT0jOKi/,"IG image",,Dlouhodobě,9509,4913,283,9,13,8,18
17897904132399164,17841409576254354,praguechessfestival,"Prague Chess Festival","👑 The benchmark of the FUTURES field is set. Introducing Anna Hrčková 🇨🇿

Born in 2013, Anna has been playing chess since pre-school age and is a proud member of the Beskydská šachová škola. With an ELO of 2041, she enters the tournament as the top-seeded player of the category, a clear signal of her strength and consistency. All eyes on the 🔝 seed!

👑 Laťka v kategorii FUTURES je nastavena. Představujeme Annu Hrčkovou 🇨🇿

Anna (*2013) hraje šachy už od předškolního věku a je členkou Beskydské šachové školy. S ELO 2041 vstupuje do turnaje jako nejvýše nasazená hráčka kategorie, což jasně potvrzuje její sílu i herní vyrovnanost. 👀 Všechny oči se upírají na nasazenou jedničku! 🔝
.
#PICF #PICF2026 #chess #Futures #PragueChess @fidewomen",0,"02/20/2026 12:09",https://www.instagram.com/p/DU_hsGSiBSz/,"IG image",,Dlouhodobě,1806,834,39,8,0,0,2
17991120551928313,17841409576254354,praguechessfestival,"Prague Chess Festival","🇨🇿 💪 Born in 2011, Sofiia Markina represents the Czech Republic and continues to build an impressive competitive profile. 

Her achievements include silver at the Czech Championship U10, silver at the European Team Championship (G14, 2024), and gold at the Czech Rapid Championship (G14). A strong all-round player on home soil. In Prague, she can count on strong support from the fans and the audience! 📣

🇨🇿 💪 Sofiia Markina (2011) reprezentuje Českou republiku a dál si buduje velmi působivý soutěžní profil.

Mezi její úspěchy patří stříbro z Mistrovství ČR U10, stříbro z ME družstev (G14, 2024) a zlato z Mistrovství ČR v rapid šachu (G14). Silná univerzální hráčka na domácí půdě se v Praze může spolehnout na výraznou podporu fanoušků i publika! 📣
.
#PICF #PICF2026 #chess #PragueChess #Futures @fidewomen",0,"02/20/2026 08:27",https://www.instagram.com/p/DU_IVisjikN/,"IG image",,Dlouhodobě,2479,1108,62,8,4,0,3
18093574115081625,17841409576254354,praguechessfestival,"Prague Chess Festival","⭐ A German rising star joins the FUTURES lineup! It’s Lilian Schirmbeck, of course 🇩🇪

Born in 2013, WCM Lilian Schirmbeck has already made her mark on the European stage. Her standout achievements include silver at the European Youth Championship (2023) and an impressive run of three bronze medals at the European Team Championships (2023–2025). Will she add more silverware in Prague? 🏆♟️

⭐ Nadějná německá hvězda se připojuje ke kategorii FUTURES! Není to nikdo jiný než Lilian Schirmbeck 🇩🇪

Lilian (*2013), WCM, už o sobě dala výrazně vědět na evropské scéně. Mezi její největší úspěchy patří stříbro z ME mládeže (2023) a působivá série tří bronzových medailí z ME družstev (2023–2025). Přidá v Praze další cenný kov do své sbírky? 🏆♟️
.
#PICF #PICF2026 #chess #PragueChess #Futures @fidewomen",0,"02/19/2026 22:29",https://www.instagram.com/p/DU-D2q-Cl2l/,"IG image",,Dlouhodobě,1392,620,26,0,0,1,1
18193069681345404,17841409576254354,praguechessfestival,"Prague Chess Festival","👏 Third time’s a charm! Polish talents keep shining! Greetings Bao Anh Angelina Nguyen Doan! 🇵🇱

Born in 2014, Bao Anh started playing chess at just three and a half years old and has since grown into one of the most successful young players in Poland. Her results speak for themselves: Polish Champion G8 in both classical and rapid, European Vice-Champion across multiple age groups, and a strong 6th place at the World Youth Rapid Championship (G12) in 2025. Prague awaits now! 👍

🇨🇿 👏 Do třetice všeho dobrého! Polské talenty budou v Praze zářit! Zdravíme Bao Anh Angelinu Nguyen Doan! 🇵🇱

Bao Anh (*2014) začala hrát šachy už ve třech a půl letech a od té doby se vypracovala mezi nejúspěšnější mládežnické hráčky v Polsku. Její výsledky mluví samy za sebe: mistryně Polska G8 v klasickém i rapid šachu, vicemistryně Evropy v několika věkových kategoriích a skvělé 6. místo na Mistrovství světa v rapidu G12 (2025). Teď už čeká Praha! 👍
.
#PICF #PICF2026 #Futures #chess #PragueChess @fidewomen",0,"02/19/2026 12:44",https://www.instagram.com/p/DU9A76nDDX-/,"IG image",,Dlouhodobě,1470,660,27,6,0,0,1
17972660630846929,17841409576254354,praguechessfestival,"Prague Chess Festival","✨ The sister story continues. After Kaja, we wouldn’t be complete without her younger sister, Lila Rzadkowska 🇵🇱

Her highlights include bronze at the World Youth Championship (U8), bronze at the European Youth Championships (U8 & U10), and gold at the European Team Championship (U12). Two sisters, two paths, one shared passion. We cannot wait for your dynamic performances! Welcome! 👋

🇨🇿 ✨ Sesterský příběh pokračuje. Po Kaje bychom nebyli kompletní bez její mladší sestry, Lily Rzadkowské 🇵🇱

Mezi její největší úspěchy patří bronz z Mistrovství světa mládeže (U8), bronz z Mistrovství Evropy mládeže (U8 a U10) a zlato z Mistrovství Evropy družstev (U12). Dvě sestry, dvě cesty, jedna společná vášeň. Nemůžeme se dočkat vašich dynamických výkonů! 👋 
.
#PICF #PICF2026 #chess #Futures @fidewomen #PragueChess",0,"02/18/2026 23:44",https://www.instagram.com/p/DU7nonUFCt6/,"IG image",,Dlouhodobě,2699,992,96,20,1,7,3
17917092033279225,17841409576254354,praguechessfestival,"Prague Chess Festival","🔥 One half of a powerful chess sister duo steps into the spotlight. Cześć, Kaja Rzadkowska! 🇵🇱

Known to many fans, Kaja is much more than a familiar face. Born in 2012, the WCM from Poland has reached a peak rating of 2002 and already boasts an impressive international résumé. Her highlights include bronze at the World Youth Rapid & Blitz Championships (U10), silver at the World Championship in chess solving (U12), and a victory at our very own Prague Open (B). A proven competitor with creativity on and off the board! 🫡 Chess Sisters Kaja&Lila 

🇨🇿 🔥 Polovina silného šachového sesterského dua vstupuje do světla reflektorů. Cześć, Kaja Rzadkowska! 🇵🇱

Kaja je ale mnohem víc než jen jméno ze sociálních sítí. Narozena v roce 2012, WCM z Polska dosáhla maximálního ratingu 2002 a může se pochlubit působivými mezinárodními úspěchy. Mezi ty největší patří bronz z MS mládeže v rapidu a bleskovém šachu (U10), stříbro z MS v řešení šachových úloh (U12) a vítězství na našem domácím turnaji Prague Open (B). Prověřená bojovnice s kreativitou na šachovnici i mimo ni. 🫡 
.
#PICF #PICF2026 #chess #Futures #PragueChess @fidewomen",0,"02/18/2026 14:46",https://www.instagram.com/p/DU6qInuDJ-_/,"IG image",,Dlouhodobě,3411,1254,107,16,3,7,4
18098281607505130,17841403793118748,chessbaseindia,"ChessBase India","The next big event coming your way is Prague Masters 2026. The World Champion D Gukesh and defending Champion Aravindh Chithambaram are the two Indian representatives in an extremely strong field consisting of GMs Vincent Keymer, Nodirbek Abdusattorov, Hans Niemann, Parham Maghsoodloo, Jorden van Foreest, Nodirbek Yakubboev, David Anton Gujjaro and David Navara! This will be a 10-player Classical Round robin tournament from 25th February-6th March.

In the Challengers group, there are two Indian players taking part - GMs Divya Deshmukh and Surya Sekhar Ganguly. There are a huge number of Indian players taking part in the Karel Janaćek Open as usual!

Who are you rooting for in this stacked field? Let us know in the comments. Follow all the action live on the ChessBase India YouTube channel!

Graphic: @sunle_anmol
#chess #chessbaseindia #praguemasters #gukesh #aravindh",0,"02/18/2026 04:13",https://www.instagram.com/p/DU5hpTskcHL/,"IG image",,Dlouhodobě,77946,39396,1726,325,,66,0
17844877458679780,17841409576254354,praguechessfestival,"Prague Chess Festival","📣📣 A unique opportunity to meet world champions 📣📣

📍 When: 24 February at 11:00 AM
📍 Where: Hotel Don Giovanni

At the autograph session, reigning World Champion Dommaraju Gukesh will meet fans, and Czech world champion Ondřej Perušič will also be in attendance.

Come and get an autograph, take a photo together, and create a unique memory of the Prague Chess Festival. Signature cards will also be available for visitors.

What better way to get in the mood for the biggest chess tournament in Central Europe than by meeting world champions in person?

We look forward to seeing you not only at the autograph session, but throughout the entire festival! ♟️

📣📣 Jedinečná příležitost potkat mistry světa 📣📣

📍 Kdy: 24.02. v 11:00
📍 Kde: Hotel Don Giovanni 

Na autogramiádě se s fanoušky potká úřadující světový šampion Dommaraju Gukesh a chybět nebude ani český mistr světa Ondřej Perušič.

Přijďte si pro podpis, společnou fotografii a jedinečnou vzpomínku na Pražský šachový festival. Pro návštěvníky budou připraveny také podpisové karty. 
Jak jinak se naladit na největší šachový turnaj ve střední Evropě, než setkáním s mistry světa. 

Těšíme se na Vás nejen na autogramiádě, ale i v průběhu celého festivalu! ♟️",0,"02/17/2026 10:09",https://www.instagram.com/p/DU3lfP3jJBH/,"IG image",,Dlouhodobě,17582,10582,144,15,4,1,12
18070221476631057,17841409576254354,praguechessfestival,"Prague Chess Festival","♟️ Tisíc srdcí. Různé cesty. Jedna vášeň. Šachy spojují.

Hráči, fanoušci, velmistři i ti, kteří přicházejí poprvé. Každý píše jiný příběh na šachovnici.
🎯 Přijďte zažít atmosféru @praguechessfestival
📅 od 24. 2.
📍 @hotelgiovanniprg 

🇬🇧 ♟️ A thousand hearts. Different paths. One passion. Chess connects.
Players, fans, grandmasters, and those who are coming for the very first time. Everyone writes a different story on the chessboard.
🎯 Come and experience the atmosphere of the Prague International Chess Festival
📅 from February 24
📍 Don Giovanni Hotel Prague
.
#PICF #PICF2026 #chess #pragueChess #PragueMasters @marekadamczyk_cz @perusicschweiner @thaidaivan_nguyen #šachy @novyborchess @czech_innhotels @karel252",25,"02/17/2026 05:18",https://www.instagram.com/reel/DU3EP5KjsP1/,"IG reel",,Dlouhodobě,1490,979,37,4,0,1,4
18073363235626575,17841409576254354,praguechessfestival,"Prague Chess Festival","Just one week left! Who will rule Prague this year? ♟️ Drop your pick in the comments 👇

🇨🇿 Už jen týden do startu @praguechessfestival! Kdo bude letos v Praze dominovat? ♟️ Napište nám do komentářů svého favorita 👇
.
#PICF #PICF2026 #chess #oneweektogo #PragueChess #PragueMasters",0,"02/17/2026 01:26",https://www.instagram.com/p/DU2puBJkkCz/,"IG image",,Dlouhodobě,6632,3789,145,8,9,3,6
17955333312073496,17841409576254354,praguechessfestival,"Prague Chess Festival","One of Latvia’s biggest talents of her generation. It’s time for Alona Tolmaceva! 🇱🇻♟️

Alona enters the competition with outstanding achievements, including European Youth Champion 2025 (G12, Budva) and an incredible six-time Latvian Girls’ Champion in her age category. Conquering the chessboard since the age of four, she is ready to make her mark on the FUTURES stage. Let’s give Alona a warm welcome! 👏

🇨🇿 Jedna z největších lotyšských nadějí své generace. Je čas na Alonu Tolmacevu! 🇱🇻♟️

Alona vstupuje do turnaje s mimořádnými úspěchy. Je vítězkou Mistrovství Evropy mládeže 2025 (G12, Budva) a neuvěřitelnou šestinásobnou mistryní Lotyšska dívek ve své věkové kategorii. Šachy dobývá už od čtyř let a je připravena zanechat výraznou stopu na scéně FUTURES. Pořádně Alonu přivítejme! 👏
.
#PICF #PICF2026 #chess #Futures #PragueChess @fidewomen",0,"02/16/2026 08:26",https://www.instagram.com/p/DU01CixDiDk/,"IG image",,Dlouhodobě,1306,597,25,3,0,0,0
18090455534026091,17841409576254354,praguechessfestival,"Prague Chess Festival","Meet Christina Jordan 🇨🇭♟️ Born in 2012, Christina represents Switzerland and is already one of the most successful young players of her generation. She is a Swiss Champion in U10, U12 and U14, and in 2025 claimed the German U14 title. Christina surely brings international experience and winning mentality to the FUTURES lineup. Can't wait to see her in action! 👏

🇨🇿 Seznamte se s Christinou Jordan 🇨🇭♟️ Christina (*2012) reprezentuje Švýcarsko a už teď patří mezi nejúspěšnější hráčky své generace. Je mistryní Švýcarska v kategoriích U10, U12 a U14 a v roce 2025 získala titul mistryně Německa U14. Do kategorie FUTURES přináší cenné mezinárodní zkušenosti i vítěznou mentalitu. Už se nemůžeme dočkat, až ji uvidíme v akci! 👏
.
#PICF #PICF2026 #chess #Futures #PragueChess #PragueMasters",0,"02/15/2026 11:54",https://www.instagram.com/p/DUyoFZYjKED/,"IG image",,Dlouhodobě,1443,620,24,1,0,3,3
18129103030476737,17841409576254354,praguechessfestival,"Prague Chess Festival","👀 Another FUTURES talent joins the lineup! Born in 2011, #ZuzanaStará has been playing since the age of seven and regularly succeeds even in boys’ categories. Famously, she took 2nd place at the Czech Championship (boys) in 2025.

She’s no stranger to the @praguechessfestival either. Zuzana has played in the capital before and was runner-up of the Futures category last year. Let's make it to the top this time! 🔥

🇨🇿 👀 A máme tu další talent kategorie FUTURES! Zuzana Stará (*2011) hraje šachy od sedmi let a pravidelně se prosazuje i v chlapeckých kategoriích. Výrazným úspěchem je 2. místo na MČR chlapců v roce 2025.

Ani Pražský šachový festival pro ni není novinkou. V Praze už startovala a vloni v kategorii FUTURES obsadila 2. místo. Tak letos až na vrchol! 🔥
.
#PICF #PICF2026 #Futures #PragueChess @fidewomen",0,"02/15/2026 01:16",https://www.instagram.com/p/DUxe_ZzlNp1/,"IG image",,Dlouhodobě,2066,785,56,4,2,0,3
17920422603096843,17841409576254354,praguechessfestival,"Prague Chess Festival","Bongiorno, #ClioAlessi 🇮🇹♟️
Our first FUTURES player is here! Born in 2013, Alessi is a world-class young talent. World No. 1 U8, multiple-time Italian champion, and named among the Top 10 most promising female players worldwide by the @womeninchessfoundation! A regular Top 10 finisher at European and World Youth Championships. 

See you in Prague, Clio! 👋

🇨🇿 Bongiorno, Clio Alessi 🇮🇹♟️
Naše první hráčka kategorie FUTURES je tady! Alessi, narozená v roce 2013, patří mezi světovou špičku mladých talentů. Světová jednička U8 a vícenásobná mistryně Itálie byla jmenována mezi 10 nejnadějnějšími šachistkami světa podle Women in Chess Foundation. Pravidelně se umisťuje v TOP 10 na ME a MS mládeže.
Uvidíme se v Praze, Clio! 👋
.
#PICF #PICF2026 #Futures #PragueChess #PragueMasters @fidewomen",0,"02/14/2026 14:39",https://www.instagram.com/p/DUwWJXYjpgr/,"IG image",,Dlouhodobě,7492,3418,188,32,22,4,8
18119843713577940,17841409576254354,praguechessfestival,"Prague Chess Festival","@hans_niemann returns to the @praguechessfestival 🤝 

After a strong year on the international circuit, highlighted by a shared third-place finish at the @tatasteelchess 2026, Niemann is heading to our capital as part of the Masters category. 

The American grandmaster replaces @thaidaivan_nguyen, who has withdrawn from the Masters tournament at his personal request. Good luck, Hans! 🤞🇺🇸

🇨🇿 #HansNiemann se vrací na Pražský šachový festival 🤝

Po silném roce na mezinárodním okruhu, korunovaném děleným třetím místem na turnaji Tata Steel Chess 2026, míří Niemann do naší metropole jako účastník kategorie Masters.

Americký velmistr nahrazuje Thai Dai Van Nguyena, který z turnaje Masters odstoupil na vlastní žádost. Hodně štěstí, Hansi!🤞🇺🇸
.
#PICF #PICF2026 #chess #PragueMasters #PragueChess",0,"02/11/2026 10:10",https://www.instagram.com/p/DUoI-iLjAku/,"IG image",,Dlouhodobě,10659,4684,202,18,5,3,3
17909034555165815,17841409576254354,praguechessfestival,"Prague Chess Festival","We are proud to welcome GM @piaanncramling as the Futures Ambassador of the @praguechessfestival 2026.

A former women’s world No. 1, grandmaster since 1992, and 2025 International Chess Hall of Fame inductee, Pia Cramling is a true legend of the game and an inspiration across generations.

Join us for a special afternoon featuring an autograph session and simultaneous exhibition with Pia Cramling, games with Czech representatives, talks, and more. All celebrating the future of women’s chess.
 🌍 Women’s Chess Day – March 2, 2026
📍 @hoteltowersprg | 🎟️ Free entry

🇨🇿 Hrdě představujeme GM Piu Cramling jako ambasadorku turnaje Futures v rámci Pražského šachového festivalu 2026.

Bývalá světová jednička ženského šachu, velmistryně od roku 1992 a členka Mezinárodní šachové síně slávy (2025) je skutečnou legendou hry a inspirací napříč generacemi.

Zveme vás na výjimečné odpoledne plné skvělého programu! Čekají vás autogramiády a simultánky s Piou Cramling, partie s českými reprezentantkami, diskuse a mnoho dalšího. Vše v rámci oslav budoucnosti ženského šachu.

🌍 Šachový den žen – 2. března 2026
📍 Grand Hotel Prague Towers | 🎟️ Vstup zdarma
.
#PICF #PICF2026 #chess #PiaCramling #Cramling #Womenschess @fidewomen",0,"02/10/2026 07:13",https://www.instagram.com/p/DUlP5wrDl9g/,"IG image",,Dlouhodobě,2442,1277,64,5,0,3,2
18447730990097658,17841409576254354,praguechessfestival,"Prague Chess Festival","♟️ „Šachy si vybraly mě.“ Česká šachová jednička @thaidaivan_nguyen mluví o svém vztahu ke královské hře před letošním @praguechessfestival. Jaká byla vaše cesta k šachovnici? Přijďte se s námi podělit a sledujte další sportovní příběhy od 24. února v @hotelgiovanniprg! 🤝

🇬🇧 ♟️ “Chess chose me.” Czech number one #ThaiDaiVanNguyen talks about his relationship with the royal game ahead of this year’s Prague International Chess Festival. What was your path to the chessboard? Come share it with us and follow more sporting stories from February 24 at Don Giovanni Hotel Prague! 🤝
.
#PICF #PICF2026 #chess #PragueChess #PragueMasters",46,"02/07/2026 23:31",https://www.instagram.com/reel/DUfRVqajSd_/,"IG reel",,Dlouhodobě,1351,846,56,12,0,4,5
17924896326245778,17841409576254354,praguechessfestival,"Prague Chess Festival","🔙 with unfinished business! @jonasbbjerre, last year’s runner-up of the Challengers, returns after a breakthrough season on the international stage. Since Prague, he has claimed top results in elite tournaments, confirmed his place among Denmark’s very best, and continues his steady climb toward the top. Ready to go one step further? 🔥 🇩🇰

🇨🇿 Je 🔙 a má nevyřízené účty! #JonasBuhlBjerre, loňský vicemistr turnaje #Challengers, se vrací po průlomové sezoně na mezinárodní scéně. Od Prahy sbírá špičkové výsledky na elitních turnajích, potvrdil své místo mezi nejlepšími dánskými hráči a dál míří vzhůru. Udělá tentokrát poslední krok do Masters? 🔥 🇩🇰
.
#PICF #PICF2026 #chess #PragueMasters #PragueChess",0,"02/07/2026 05:07",https://www.instagram.com/p/DUdTIf1ju6N/,"IG image",,Dlouhodobě,1725,690,41,0,1,0,1
18416961424141599,17841451318077919,frsah.ro,"Federația Română de Șah","Suntem mândri să anunțăm încheierea unui parteneriat oficial între Romania Grand Prix și @praguechessfestival, unul dintre cele mai prestigioase evenimente internaționale de șah, dedicat excelenței, spiritului sportiv și dezvoltării culturii șahiste. 

Această colaborare reflectă angajamentul nostru comun pentru competiții de înalt nivel, dezvoltarea continuă a comunității globale de șah și promovarea șahului atât ca sport, cât și ca expresie culturală. Îi invităm pe jucători, profesioniștii șahului și pasionații din întreaga lume să ni se alăture, să urmărească Prague International Chess Festival și să fie parte dintr-o experiență șahistă cu adevărat excepțională.

Să fie șah! ♟️",0,"02/06/2026 07:01",https://www.instagram.com/p/DUa7VTbiErQ/,"IG image",,Dlouhodobě,1687,660,38,4,,1,0
17968028378861688,17841409576254354,praguechessfestival,"Prague Chess Festival","""Šachy jsou krásná hra, stojí to za to!"" Nejlepší světoví šachisté už v únoru v @hotelgiovanniprg. Přijďte se podívat! Srdečně vás zvou Ondřej Perušič a Thai Dai Van Nguyen! 🤝 ♟️

🇬🇧 “Chess is a beautiful game, it’s worth it!” The world’s best chess players are coming this February to the Don Giovanni Hotel Prague. Come and see them live! We're sharing invitation by our own Ondřej Perušič and Thai Dai Van Nguyen! 🤝 ♟️
.
@perusicschweiner @thaidaivan_nguyen #PICF #PICF2026 #chess #PragueMasters #PragueChess #chess @novyborchess @czech_innhotels",44,"02/06/2026 05:21",https://www.instagram.com/reel/DUavzqTkrCf/,"IG reel",,Dlouhodobě,5981,3666,245,17,1,0,5
17894283711265600,17841409576254354,praguechessfestival,"Prague Chess Festival","💪 A strong and versatile grandmaster joins the field at Prague! @daniel_yuffa, representing Spain, brings creativity, fighting spirit, and top-level experience to the board. With a peak rating of 2657 and a reputation for uncompromising chess, he’s ready to take on the challenge! Welcome and good luck in the tournament! 👋 🇪🇸

🇨🇿 💪 Silný a všestranný velmistr vstupuje v Praze do hry! #DaniilYuffa, reprezentující Španělsko, přináší do bojů na šachovnici kreativitu, bojovnost a zkušenosti z nejvyšší úrovně. S maximálním ratingem 2657 a pověstí nekompromisního hráče je připraven přijmout každou výzvu! Vítej a hodně štěstí v turnaji! 👋 🇪🇸
.
#PICF #PICF2026 #chess #PragueMasters #PragueChess",0,"02/05/2026 08:08",https://www.instagram.com/p/DUYeOGZjlwK/,"IG image",,Dlouhodobě,1085,493,27,1,0,0,0
18092911709315422,17841409576254354,praguechessfestival,"Prague Chess Festival","One of Hungary’s top grandmasters is up to the challenge! @bgledura comes to the @praguechessfestival in strong form, following a year of consistent international results and solid performances for the national team. Known for his fighting spirit and deep preparation, he’s ready to make an impact. Welcome! ♟️🇭🇺

🇨🇿 Jeden z nejlepších maďarských velmistrů je připraven na výzvu! Benjámin Gledura přijíždí na Pražský šachový festival ve skvělé formě po roce plném vyrovnaných mezinárodních výsledků a solidních výkonů v národním týmu. Se svou bojovností a důkladnou přípravou jistě výrazně zasáhne do turnaje v naší Challengers kategorii. Vítej! ♟️🇭🇺
.
#PICF #PICF2026 #BenjaminGledura #chess #PragueChess #PragueMasters",0,"02/04/2026 14:15",https://www.instagram.com/p/DUWjaJNjk-A/,"IG image",,Dlouhodobě,1107,471,22,1,0,1,0
18142302958479416,17841409576254354,praguechessfestival,"Prague Chess Festival","♟️ The Indian chess academy will be strongly represented at the @praguechessfestival! @suryasekharchess, an experienced grandmaster and long-time member of former World Champion @vishy.mindmaster's team, joins the Challengers. 🇮🇳

Renowned for his analytical depth, refined positional understanding, and vast tournament experience, Ganguly is set to be one of the key figures to watch in the competition. 👀

🇨🇿 ♟️ Indická šachová škola bude na Pražském šachovém festivalu výrazně zastoupena! #SuryaSekharGanguly, zkušený velmistr a dlouholetý člen týmu bývalého mistra světa Višvanáthana Ánanda, se představí v turnaji Challengers. 🇮🇳

Proslulý svou analytickou hloubkou, vytříbeným pozičním citem a bohatými turnajovými zkušenostmi bude Ganguly patřit mezi klíčové osobnosti, které se letos vyplatí sledovat. 👀
.
#PICF #PICF2026 #PragueMasters #chess #PragueChess",0,"02/03/2026 23:08",https://www.instagram.com/p/DUU7l71Efs7/,"IG image",,Dlouhodobě,865,420,22,0,0,0,0
17908395282167920,17841409576254354,praguechessfestival,"Prague Chess Festival","That’s some arsenal for our Challengers! Another strong addition to the line-up is Thomas Beerdsen! Winner of the 2025 @karel252 Open is set to compete at the @praguechessfestival and this time, on the main stage! ♟️

He arrives full of confidence, aiming to rediscover his very best form and make the Gunners proud once again. 🔴 🔥

🇨🇿 Tohle už je pořádný arzenál pro turnaj Challengers! Další výraznou posilou startovního pole je #ThomasBeerdsen! Vítěz Karel Janeček Openu 2025 se představí na Pražském šachovém festivalu a tentokrát na hlavní scéně! ♟️

Přijíždí plný sebevědomí, s cílem znovu najít svou nejlepší formu a opět šířit barvy Gunners po Praze. 🔴🔥
.
#PICF #PICF2026 #Challengers #PragueChess @arsenal #PragueMasters",0,"02/03/2026 14:29",https://www.instagram.com/p/DUUAR30jSfC/,"IG image",,Dlouhodobě,956,443,13,1,0,0,0
18110355409658389,17841409576254354,praguechessfestival,"Prague Chess Festival","🏆 A champion worth waiting for. Congratulations to @abdusattorov_nodirbek_official on a magnificent victory at @tatasteelchess! Wijk aan Zee once again delivered unforgettable battles and crowned a truly worthy winner.

And the story continues.♟️We are proud to welcome Nodirbek back for the @praguechessfestival, where he will take on his next challenge. See you soon! 🇨🇿🔥

🏆 Šampion, na kterého se vyplatí počkat. Gratulujeme Nodirbeku Abdusattorovovi k úžasnému vítězství na turnaji Tata Steel Chess! Wijk aan Zee znovu nabídlo nezapomenutelné bitvy a korunovalo skutečně zaslouženého vítěze.

A příběh pokračuje. ♟️ S hrdostí Nodirbeka brzy znovu přivítáme na Pražském šachovém festivalu, kde ho čeká další výzva. Těšíme se na viděnou! 🇨🇿🔥
.
#tatasteelchess #nodirbekabdusattorov #PICF #PICF2026 #PragueChess #PragueMasters",0,"02/02/2026 13:58",https://www.instagram.com/p/DURX4JvDtw9/,"IG carousel",,Dlouhodobě,1291,503,42,0,0,0,0
17928043086196462,17841409576254354,praguechessfestival,"Prague Chess Festival","Vloni si svojí velkou šachovou premiéru na PICF užil @marekadamczyk_cz! 🫡👏

Letos za šachovnicí můžete potkat mistra světa v beachvolejbale Ondru Perušiče. 🏐👌 Dorazíte? 😎 Budeme se na vás těšit od 24.2. do 6.3. 2026 v hotelu Don Giovanni v Praze.

🇬🇧 Last year, Czech actor @marekadamczyk_cz enjoyed his chess debut at PICF! 🫡👏

This year, you can meet Czech beach volleyball player, world champion and Olympian Ondřej Perušič over the chessboard.🏐👌Will you join us? 😎

We’re looking forward to seeing you from February 24 to March 6 at the Don Giovanni Hotel in Prague.

#PICF2026",31,"01/31/2026 08:07",https://www.instagram.com/reel/DULlwLqAQ1T/,"IG reel",,Dlouhodobě,6106,4496,120,6,0,1,8
18161665936415766,17841409576254354,praguechessfestival,"Prague Chess Festival","A 🇨🇿 trio ready to take on any challenge! The second performance group at Prague International Chess Festival will be strengthened by local players @stepan_hrbek1, Jáchym Němec and Václav Finěk. In front of the Prague crowd, they are sure to show their best form and fight for every point. 💪

👉 Who do you think will carry the Czech flag the highest at the tournament?

Náš 🇨🇿 trojlístek, který se postaví jakékoli výzvě! Druhou výkonnostní skupinu Challengers na Pražském šachovém festivalu posílí domácí hráči Štěpán Hrbek, Jáchym Němec a Václav Finěk. Před pražským publikem se jistě představí v té nejlepší formě a budou bojovat o každý bod. 💪

👉 Máte tip, kdo z nich vynese český prapor na turnaji nejvýš?
.
#PICF #PICF2026 #chess #PragueChess #Challengers #VaclavFinek #JachymNemec #StepanHrbek #czechchess",0,"01/30/2026 02:21",https://www.instagram.com/p/DUIZzcVDqY4/,"IG carousel",,Dlouhodobě,1508,527,42,24,2,0,3
17846889168647439,17841409576254354,praguechessfestival,"Prague Chess Festival","Ambassadorem 8. ročníku PICF je český beachvolejbalista, mistr světa a olympionik, ale také vášnivý šachista Ondřej Perušič! 🔥 Přijďte se podívat na unikátní šachovou akci, kde můžete Ondru potkat i za šachovnicí. 🏐♟️Těšíme se na vás!🤍🖤

🇬🇧 The ambassador of the 8th edition of the PICF is a Czech beach volleyball player, world champion, and Olympian, and passionate chess enthusiast Ondřej Perušič! 🔥 Come and experience a unique chess event where you can meet Ondra Perušič, even over the chessboard. 🏐♟️ We look forward to seeing you! 🤍🖤",47,"01/28/2026 12:07",https://www.instagram.com/reel/DUESejVAVF1/,"IG reel",,Dlouhodobě,1242,743,38,3,0,0,3
17960985996031912,17841409576254354,praguechessfestival,"Prague Chess Festival","♟️ A familiar name returns! 🇪🇸 Spanish grandmaster gmdavidanton is set to compete once again at the @praguechessfestival! The winner of the 2020 Tata Steel Challengers has long been established among the world’s top grandmasters, known for his fighting spirit and deep positional understanding. 

David knows Prague well and has left a lasting mark on the Festival in the past. We can’t wait to see him light up the tournament again this year! Welcome back to the capital, David! 👋

🇨🇿 ♟️ Známé jméno se vrací! 🇪🇸 Španělský velmistr David Antón Guijarro bude znovu hrát na Pražském šachovém festivalu! Vítěz turnaje Tata Steel Challengers 2020 už dlouhá léta patří mezi světovou špičku. Je známý svou bojovností a hlubokým citem pro pozici na šachovnici.

Praha mu rozhodně není cizí. Festivalu se už v minulosti zúčastnil a zanechal zde výraznou stopu. A my tušíme, že letos tomu nebude jinak. Vítej zpět v hlavním městě, Davide! 👋
.
#PICF2026 #PICF #chess #PragueMasters #PragueChess #DavidAntonGuijarro",0,"01/27/2026 11:09",https://www.instagram.com/p/DUBnvo2DnqC/,"IG image",,Dlouhodobě,6869,3560,149,4,6,3,1
17938918353137089,17841409576254354,praguechessfestival,"Prague Chess Festival","📹 Last year was unforgettable. Brilliant games, world-class stars, packed halls, and moments we’ll remember for a long time. Relive the atmosphere, the drama, and the magic of the @praguechessfestival. 

Now, we go again! Bigger, bolder, and even more exciting. Get ready. ♟️🔥

🇨🇿 📹 Minulý rok byl nezapomenutelný. Skvělé partie, světové hvězdy, zaplněné sály a momenty, na které budeme ještě dlouho vzpomínat. Připomeňte si atmosféru, drama a kouzlo Pražského šachového festivalu.

Za pár týdnů začínáme znovu! Budeme větší, odvážnější a ještě napínavější. Připravte své šachovnice. ♟️🔥
.
#PICF #PICF2025 #PICF2026 #chess #highlights #PragueChess #PragueMasters",111,"01/27/2026 08:17",https://www.instagram.com/reel/DUBUCyBDvVn/,"IG reel",,Dlouhodobě,1477,1051,63,17,0,0,6
17862073389570774,17841409576254354,praguechessfestival,"Prague Chess Festival","🕰️ He has already shined at the Prague International Chess Festival in the past and will return in 2026 as one of the stars of the Masters tournament. One of the most exciting grandmasters of today @jordenvforeest is coming! Winner of the Tata Steel Masters 2021, European Blitz Champion 2025 and a regular contender in the world’s top tournaments is ready to entertain and inspire. Will you follow his games? 🇳🇱 🔥

🇨🇿 🕰️ V minulosti už na Prague International Chess Festivalu zazářil a v roce 2026 se vrátí jako jedna z hvězd turnaje Masters. Jeden z nejzajímavějších velmistrů současnosti Jorden van Foreest je zpět! Vítěz Tata Steel Masters 2021, mistr Evropy v bleskovém šachu 2025 a pravidelný účastník světových elitních turnajů je připraven bavit i inspirovat. Budete sledovat jeho partie? 🇳🇱 🔥
.
#PICF #PICF2026 #chess #PragueMasters #PragueChess #JordenvanForeest",0,"01/22/2026 04:56",https://www.instagram.com/p/DT0FKWIDU6Y/,"IG image",,Dlouhodobě,1142,515,35,0,1,2,0
18091998925791458,17841409576254354,praguechessfestival,"Prague Chess Festival","👋🏻 He always enjoys coming back! The Iranian Grandmaster and World Junior Champion 2018 @parhammaghsoodloo returns to Prague’s Masters. A player known for his aggressive, fearless style and thrilling battles on the board is a crowd favorite and he is ready to light up the Prague International Chess Festival  once again! 🔥

🇨🇿 👋🏻 Vždy se rád vrací! Íránský velmistr a mistr světa juniorů z roku 2018 Parham Maghsoodloo bude znovu hrát Masters v Praze. Šachista známý svým agresivním, nebojácným stylem a napínavými souboji je miláčkem publika a je znovu připraven náš Prague International Chess Festival pořádně nakopnout! 🔥
.
#PICF #PICF2026 #chess #ParhamMaghsoodloo #PragueMasters #PragueChess",0,"01/21/2026 05:21",https://www.instagram.com/p/DTxjKRwjDf3/,"IG image",,Dlouhodobě,1164,508,29,0,1,0,0
17899845672363246,17841409576254354,praguechessfestival,"Prague Chess Festival","The 2024 champion is 🔙. One of the biggest names in the field, @abdusattorov_nodirbek_official, returns to the Masters as a proven winner. Olympiad champion. World Rapid Chess Champion. Uzbekistan’s number one. And of course, Masters title holder from 2024's @praguechessfestival.

Fearless, relentless, and built for the biggest battles. He’s coming back to defend his status and chase another crown. Who’s ready to challenge him? 🫵 ♟️

🇨🇿 Šampion z roku 2024 je 🔙. Jedno z největších jmen startovního pole, Nodirbek Abdusattorov, se vrací do Masters jako osvědčený vítěz. Olympijský šampion. Mistr světa v rapid šachu. Uzbecká jednička. A samozřejmě také držitel titulu Masters z Prague International Chess Festivalu 2024.

Neohrožený, neúnavný a stvořený pro ty největší bitvy. Nodirbek se vrací obhajovat své postavení a útočit na další triumf. Kdo je připraven ho vyzvat? 🫵 ♟️
.
#PICF #PICF2026 #chess #nodirbekabdusattorov #PragueMasters #praguechess",0,"01/20/2026 08:05",https://www.instagram.com/p/DTvRM0ujAMq/,"IG image",,Dlouhodobě,1693,619,68,0,1,3,3
18072058283564033,17841409576254354,praguechessfestival,"Prague Chess Festival","♟️ He earned his seat at the 🔝 table! After a standout performance in last year’s Challengers, @nodirbekyakubboev completed his breakthrough in Prague. A tense playoff victory over Jonas Bjerre sealed the deal and secured his promotion. This season, the Uzbek star takes the next step as a full-fledged Masters participant. 💯

🇨🇿♟️ Vybojoval si místo mezi 🔝 hráči!
Po skvělém výkonu v loňském turnaji Challengers rozhodl Nodirbek Yakubboev napínavý rozstřel proti Jonasovi Bjerremu a zajistil si postup do turnaje Masters. V této sezoně čeká uzbeckou hvězdu další krok jako plnohodnotného účastníka nejprestižnější kategorie. 💯
.
#PICF #PICF2026 #chess #nodirbekyakubboev #praguechess",0,"01/19/2026 09:37",https://www.instagram.com/p/DTs28TwjIRw/,"IG image",,Dlouhodobě,5345,2373,188,7,6,14,4
17882593044442150,17841409576254354,praguechessfestival,"Prague Chess Festival","♟️ May the Fourth be with you. German GM @vincentkeymer2004 is one of the greatest chess talents of the past decade and he’s returning to our festival. The former European junior champion enjoyed a phenomenal rise last year. He crowned an outstanding season by reaching the World Cup semifinals, gaining 43 rating points and climbing all the way to 4th in the world rankings. The Force is strong with this one. Welcome back to the @praguechessfestival, Vincent! 🇩🇪 🔥 

🇨🇿 ♟️ Čtyřku provází síla. Německý velmistr Vincent Keymer patří mezi největší šachové talenty poslední dekády a vrací se na náš festival. Bývalý juniorský mistr Evropy zažil v loňském roce raketový vzestup. Výjimečnou sezonu korunoval postupem do semifinále Světového poháru, ziskem 43 ratingových bodů a posunem až na 4. místo světového žebříčku. Čekáme velké věci! Vítej zpět na Prague International Chess Festivalu, Vincente! 🇩🇪 🔥
.
#PICF #PICF2026 #chess #PragueChess #PragueMasters #VincentKeymer",0,"01/17/2026 00:06",https://www.instagram.com/p/DTmsAkiDAs6/,"IG image",,Dlouhodobě,1476,571,48,0,0,0,0
18393367480178901,17841409576254354,praguechessfestival,"Prague Chess Festival","It’s official. He’s ready to defend his crown. Last year’s Masters winner Aravindh Chithambaram returns to the @praguechessfestival! The Indian grandmaster dominated the field in 2025, finishing a full point ahead of Anish Giri and Wei Yi. A statement victory at the highest level. Will anybody stop him this time? ♟️🏆 

🇨🇿 Je to oficiální. Vítěz loňského turnaje Masters Aravindh Chithambaram se vrací na Prague International Chess Festival a je připraven obhájit svůj titul! Indický velmistr v roce 2025 ovládl celé startovní pole a zvítězil s náskokem celého bodu před Anishem Girim a Wei Yi. Jednoznačné vítězství na té nejvyšší úrovni. Zastaví ho letos někdo? ♟️🏆
.
#PICF #PICF2026 #PragueMasters #chess #šachy #AravindhChithambaram",0,"01/16/2026 02:00",https://www.instagram.com/p/DTkUOfYjJtm/,"IG image",,Dlouhodobě,1433,564,48,0,0,1,1
18091615237961928,17841409576254354,praguechessfestival,"Prague Chess Festival","🇨🇿🔥 Czech chess, right where it belongs - on the biggest stage in the capital. @thaidaivan_nguyen and David Navara, two pillars of Czech chess, return to their familiar seats at home. The Masters tradition continues in 2026, as Prague once again welcomes its greatest standard-bearers. We are proud of your achievements! ♟️

🇨🇿🔥 Český šach tam, kam patří - na největší scéně v našem hlavním městě. Thai Dai Van Nguyen a David Navara, dva pilíře českého šachu, se vracejí na místa, kde jsou řadu let doma. Mistrovská tradice pokračuje v roce 2026, kdy Praha znovu vítá své nejvýznamnější reprezentanty. Jsme hrdí na vaše úspěchy!♟️
.
#PICF #PICF2026 #ThaiDaiVanNguyen #DavidNavara #PragueMasters #PragueChess #CzechChess #chess @novyborchess @sachovysvaz",0,"01/13/2026 14:57",https://www.instagram.com/p/DTd-tJ2DFfq/,"IG carousel",,Dlouhodobě,2735,1001,90,4,4,3,1
